CLAVE SITIO,NOMBRE DEL SITIO,CUENCA,CLAVE ACU펝ERO,ACU펝ERO,ORGANISMO CUENCA,DIRECCI흁 LOCAL,ESTADO,MUNICIPIO,CUERPO DE AGUA,TIPO DE CUERPO DE AGUA,SUBTIPO CUERPO AGUA,LATITUD,LONGITUD
DLCOA430,POZO 1 RANCHO SAN JUAN (CHAPULA),,502,CA헲N DEL DERRAMADERO,R펦 BRAVO,COAHUILA,COAHUILA DE ZARAGOZA,SALTILLO,ACU펝ERO CA헲N DEL DERRAMADERO,SUBTERR쳁EO,POZO,25.26437,-101.21586
DLCOA431,"PRESA VENUSTIANO CARRANZA, ENTRADA R펦 SABINES",R펦 SALADO,,,R펦 BRAVO,COAHUILA,COAHUILA DE ZARAGOZA,PROGRESO,PRESA VENUSTIANO CARRANZA,L텙TICO (HUMEDAL),PRESA,27.51147,-100.67499
DLCOA432,"PRESA VENUSTIANO CARRANZA, CENTRO",R펦 SALADO,,,R펦 BRAVO,COAHUILA,COAHUILA DE ZARAGOZA,PROGRESO,PRESA VENUSTIANO CARRANZA,L텙TICO (HUMEDAL),PRESA,27.49669,-100.64442
DLCOA433,"PRESA VENUSTIANO CARRANZA, ENTRADA R펦 SALADO",R펦 SALADO,,,R펦 BRAVO,COAHUILA,COAHUILA DE ZARAGOZA,PROGRESO,PRESA VENUSTIANO CARRANZA,L텙TICO (HUMEDAL),PRESA,27.48473,-100.70438
DLCOA434,"PRESA VENUSTIANO CARRANZA, SURESTE",R펦 SALADO,,,R펦 BRAVO,COAHUILA,COAHUILA DE ZARAGOZA,JUREZ,PRESA VENUSTIANO CARRANZA,L텙TICO (HUMEDAL),PRESA,27.44855,-100.61208
DLCOA435,"PRESA VENUSTIANO CARRANZA, SUROESTE",R펦 SALADO,,,R펦 BRAVO,COAHUILA,COAHUILA DE ZARAGOZA,JUREZ,PRESA VENUSTIANO CARRANZA,L텙TICO (HUMEDAL),PRESA,27.45079,-100.69417
DLCOA436,RIO SABINAS 6,R펦 SALADO,,,R펦 BRAVO,COAHUILA,COAHUILA DE ZARAGOZA,JUREZ,RIO SABINAS,L흆ICO (HUMEDAL),R펦,27.61015,-100.72442
DLCOA437,CORTINA PRESA VENUSTIANO CARRANZA,R펦 SALADO,,,R펦 BRAVO,COAHUILA,COAHUILA DE ZARAGOZA,PROGRESO,PRESA VENUSTIANO CARRANZA,L텙TICO (HUMEDAL),PRESA,27.50921,-100.6149
DLCOA438,HIDROMETRICA PROGRESO,R펦 NADADORES,,,R펦 BRAVO,COAHUILA,COAHUILA DE ZARAGOZA,PROGRESO,RIO SALADO,L흆ICO,R펦,27.41874,-100.99757
DLCOA439,RIO SABINAS 4,R펦 SALADO,,,R펦 BRAVO,COAHUILA,COAHUILA DE ZARAGOZA,SABINAS,RIO SABINAS,L흆ICO (HUMEDAL),R펦,27.76779,-101.02054
DLCOA440,POZO EJIDO DE LAS COLONIAS,,521,SALTILLO SUR,R펦 BRAVO,COAHUILA,COAHUILA DE ZARAGOZA,SALTILLO,ACU펝ERO SALTILLO SUR,SUBTERR쳁EO,POZO,25.09313,-101.09319
DLCOA441,PUENTE RIO SABINAS,R펦 SALADO,,,R펦 BRAVO,COAHUILA,COAHUILA DE ZARAGOZA,SABINAS,RIO SABINAS,L흆ICO (HUMEDAL),R펦,27.84027,-101.1227
DLCOA442,AGUAS ABAJO DE SABINAS,R펦 SABINAS,,,R펦 BRAVO,COAHUILA,COAHUILA DE ZARAGOZA,SABINAS,RIO SABINAS,L흆ICO (HUMEDAL),R펦,27.84842,-101.12512
DLCOA443,POZO (VIEJO) UAAAN,,510,SALTILLO-RAMOS ARIZPE,R펦 BRAVO,COAHUILA,COAHUILA DE ZARAGOZA,SALTILLO,ACU펝ERO SALTILLO-RAMOS ARIZPE,SUBTERR쳁EO,POZO,25.35856,-101.03807
DLCOA444,AGUAS ABAJO DEL POBLADO NUEVA ROSITA,R펦 SABINAS,,,R펦 BRAVO,COAHUILA,COAHUILA DE ZARAGOZA,SAN JUAN DE SABINAS,RIO ALAMOS,L흆ICO (HUMEDAL),R펦,27.89212,-101.19206
DLCOA445,AGUAS ARRIBA DEL POBLADO NUEVA ROSITA,R펦 SABINAS,,,R펦 BRAVO,COAHUILA,COAHUILA DE ZARAGOZA,SAN JUAN DE SABINAS,RIO ALAMOS,L흆ICO (HUMEDAL),R펦,27.94789,-101.25638
DLCOA446,EN POBLADO DE SAN JUAN DE SABINAS,R펦 SABINAS,,,R펦 BRAVO,COAHUILA,COAHUILA DE ZARAGOZA,SAN JUAN DE SABINAS,RIO SABINAS,L흆ICO (HUMEDAL),R펦,27.92355,-101.30585
DLCOA447,POZO GRANJA 3 HERMANOS,,510,SALTILLO-RAMOS ARIZPE,R펦 BRAVO,COAHUILA,COAHUILA DE ZARAGOZA,RAMOS ARIZPE,ACU펝ERO SALTILLO-RAMOS ARIZPE,SUBTERR쳁EO,POZO,25.53818,-100.96212
DLCOA448,RIO SABINAS 3,R펦 SABINAS,,,R펦 BRAVO,COAHUILA,COAHUILA DE ZARAGOZA,SAN JUAN DE SABINAS,RIO SABINAS,L흆ICO (HUMEDAL),R펦,27.97685,-101.41911
DLCOA449,RIO SABINAS 2,R펦 SABINAS,,,R펦 BRAVO,COAHUILA,COAHUILA DE ZARAGOZA,SABINAS,RIO SABINAS,L흆ICO (HUMEDAL),R펦,27.9701,-101.55408
DLCOA450,ANTES DEL POBLADO MELCHOR OCAMPO (MUZQUIZ),R펦 SABINAS,,,R펦 BRAVO,COAHUILA,COAHUILA DE ZARAGOZA,MＪQUIZ,RIO SAN JUAN DE SABINAS,L흆ICO (HUMEDAL),R펦,27.96737,-101.57022
DLCOA451,RIO SABINAS 1,R펦 SABINAS,,,R펦 BRAVO,COAHUILA,COAHUILA DE ZARAGOZA,MＪQUIZ,RIO SABINAS,L흆ICO (HUMEDAL),R펦,27.96926,-101.58122
DLCOA452,POZO HOSPITAL DEL ISSSTE,,510,SALTILLO-RAMOS ARIZPE,R펦 BRAVO,COAHUILA,COAHUILA DE ZARAGOZA,SALTILLO,ACU펝ERO SALTILLO-RAMOS ARIZPE,SUBTERR쳁EO,POZO,25.43041,-101.01262
DLCOA453,POZO EJIDO SAN BLAS,,507,MONCLOVA,R펦 BRAVO,COAHUILA,COAHUILA DE ZARAGOZA,SAN BUENAVENTURA,ACU펝ERO MONCLOVA,SUBTERR쳁EO,POZO,27.41692,-101.72161
DLCOA454,POZO SIMAS POZUELOS DE ABAJO,,507,MONCLOVA,R펦 BRAVO,COAHUILA,COAHUILA DE ZARAGOZA,FRONTERA,ACU펝ERO MONCLOVA,SUBTERR쳁EO,POZO,26.92287,-101.5137
DLCOA455,PAREDON 2 - EJIDO COSME,,508,PAREDON,R펦 BRAVO,COAHUILA,COAHUILA DE ZARAGOZA,RAMOS ARIZPE,ACU펝ERO PAREDON,SUBTERR쳁EO,POZO,25.91717,-101.32825
DLCOA456,POZO 1 RANCHO LA CHIRIPA,,502,CA헲N DEL DERRAMADERO,R펦 BRAVO,COAHUILA,COAHUILA DE ZARAGOZA,SALTILLO,ACU펝ERO CA헲N DEL DERRAMADERO,SUBTERR쳁EO,POZO,25.28887,-101.26036
DLCOA459,"MINSA, S.A. DE C.V. (AGUAS ARRIBA)",R펦 SALINAS,,,R펦 BRAVO,COAHUILA,COAHUILA DE ZARAGOZA,RAMOS ARIZPE,ARROYO LA ENCANTADA,L흆ICO,DESCARGA INDUSTRIAL,25.56651,-100.94593
DLCOA460,"MINSA, S.A. DE C.V. (AGUAS ABAJO)",R펦 SALINAS,,,R펦 BRAVO,COAHUILA,COAHUILA DE ZARAGOZA,RAMOS ARIZPE,ARROYO LA ENCANTADA,L흆ICO,DESCARGA INDUSTRIAL,25.56968,-100.94408
DLCOA461,"FERSINSA GB, S.A. DE C.V. (DESCARGA)",R펦 SALINAS,,,R펦 BRAVO,COAHUILA,COAHUILA DE ZARAGOZA,RAMOS ARIZPE,AFLUENTE LA ENCANTADA,L흆ICO,DESCARGA INDUSTRIAL,25.53211,-100.95966
DLCOA462,"FERSINSA GB, S.A. DE C.V. (AGUAS ABAJO)",R펦 SALINAS,,,R펦 BRAVO,COAHUILA,COAHUILA DE ZARAGOZA,RAMOS ARIZPE,AFLUENTE ARROYO PATOS Y CUERPO RECEPTOR ARROYO LA ENCANTADA,L흆ICO,ARROYO,25.56572,-100.94548
DLCOA464,"GENERAL MOTORS DE MEXICO, S.A. DE C.V. (A) (AGUAS ARRIBA)",R펦 SALINAS,,,R펦 BRAVO,COAHUILA,COAHUILA DE ZARAGOZA,RAMOS ARIZPE,AFLUENTE LA ENCANTADA,L흆ICO,DESCARGA INDUSTRIAL,25.49958,-100.98693
DLCOA465,"GENERAL MOTORS DE MEXICO, S.A. DE C.V. (A) (AGUAS ABAJO)",R펦 SALINAS,,,R펦 BRAVO,COAHUILA,COAHUILA DE ZARAGOZA,RAMOS ARIZPE,AFLUENTE LA ENCANTADA,L흆ICO,DESCARGA INDUSTRIAL,25.52143,-100.96546
DLCOA466,"GENERAL MOTORS DE MEXICO, S.A. DE C.V. (B) (AGUAS ARRIBA)",R펦 SALINAS,,,R펦 BRAVO,COAHUILA,COAHUILA DE ZARAGOZA,RAMOS ARIZPE,AFLUENTE LA ENCANTADA,L흆ICO,DESCARGA INDUSTRIAL,25.50166,-100.98679
DLCOA467,"GENERAL MOTORS DE MEXICO, S.A. DE C.V. (B) (AGUAS ABAJO)",R펦 SALINAS,,,R펦 BRAVO,COAHUILA,COAHUILA DE ZARAGOZA,RAMOS ARIZPE,AFLUENTE LA ENCANTADA,L흆ICO,DESCARGA INDUSTRIAL,25.5244,-100.95989
DLCOA468,"GENERAL MOTORS DE MEXICO, S.A. DE C.V. (C) (AGUAS ARRIBA)",R펦 SALINAS,,,R펦 BRAVO,COAHUILA,COAHUILA DE ZARAGOZA,RAMOS ARIZPE,AFLUENTE LA ENCANTADA,L흆ICO,DESCARGA INDUSTRIAL,25.50274,-100.98609
DLCOA469,"GENERAL MOTORS DE MEXICO, S.A. DE C.V. (C) (AGUAS ABAJO)",R펦 SALINAS,,,R펦 BRAVO,COAHUILA,COAHUILA DE ZARAGOZA,RAMOS ARIZPE,AFLUENTE LA ENCANTADA,L흆ICO,DESCARGA INDUSTRIAL,25.53042,-100.9586
DLCOA471,REGION MANZANERA-ZAPALINAME 1 (CABA헤S),,511,REGION MANZANERA-ZAPALINAME,R펦 BRAVO,COAHUILA,COAHUILA DE ZARAGOZA,ARTEAGA,ACU펝ERO REGION MANZANERA-ZAPALINAME,SUBTERR쳁EO,POZO,25.36771,-100.82463
DLCOA472,POZO PINARES RANCHO VIEJO,,511,REGION MANZANERA-ZAPALINAME,R펦 BRAVO,COAHUILA,COAHUILA DE ZARAGOZA,ARTEAGA,ACU펝ERO REGION MANZANERA-ZAPALINAME,SUBTERR쳁EO,POZO,25.3448,-100.79588
DLCOA473,CA헲N DEL DERRAMADERO 1,,502,CA헲N DEL DERRAMADERO,R펦 BRAVO,COAHUILA,COAHUILA DE ZARAGOZA,SALTILLO,ACU펝ERO CA헲N DEL DERRAMADERO,SUBTERR쳁EO,POZO,25.18696,-101.08318
DLCOA474,CA헲N DEL DERRAMADERO 2,,502,CA헲N DEL DERRAMADERO,R펦 BRAVO,COAHUILA,COAHUILA DE ZARAGOZA,SALTILLO,ACU펝ERO CA헲N DEL DERRAMADERO,SUBTERR쳁EO,POZO,25.29527,-101.27869
DLCOA475,POZO TANQUE NUEVO,,505,GENERAL CEPEDA-SAUCEDA,CUENCAS CENTRALES DEL NORTE,COAHUILA,COAHUILA DE ZARAGOZA,PARRAS,ACU펝ERO GENERAL CEPEDA-SAUCEDA,SUBTERR쳁EO,POZO,25.26241,-101.72879
DLCOA476,POZO RANCHO EL NOGAL,,510,SALTILLO-RAMOS ARIZPE,R펦 BRAVO,COAHUILA,COAHUILA DE ZARAGOZA,RAMOS ARIZPE,ACU펝ERO SALTILLO-RAMOS ARIZPE,SUBTERR쳁EO,POZO,25.61108,-100.89375
DLCOA477,POZO SAN ANTONIO DE LAS ALAZANAS,,511,REGION MANZANERA-ZAPALINAME,R펦 BRAVO,COAHUILA,COAHUILA DE ZARAGOZA,ARTEAGA,ACU펝ERO REGION MANZANERA-ZAPALINAME,SUBTERR쳁EO,POZO,25.30309,-100.66962
DLCOA478,TOMA DE AGUA DE CFE,R펦 BRAVO 9,,,R펦 BRAVO,COAHUILA,COAHUILA DE ZARAGOZA,GUERRERO,RIO BRAVO,L흆ICO (HUMEDAL),R펦,28.53229,-100.40237
DLCOA479,RIO BRAVO 11,R펦 BRAVO 9,,,R펦 BRAVO,COAHUILA,COAHUILA DE ZARAGOZA,PIEDRAS NEGRAS,RIO BRAVO,L흆ICO,R펦,28.67511,-100.50545
DLCOA480,AGUAS ARRIBA DE CONFLUENCIA CON RIO BRAVO,R펦 BRAVO 9,,,R펦 BRAVO,COAHUILA,COAHUILA DE ZARAGOZA,PIEDRAS NEGRAS,RIO ESCONDIDO,L흆ICO,R펦,28.66191,-100.50154
DLCOA481,PUENTE INTERNACIONAL PIEDRAS NEGRAS,R펦 BRAVO 9,,,R펦 BRAVO,COAHUILA,COAHUILA DE ZARAGOZA,PIEDRAS NEGRAS,RIO BRAVO,L흆ICO (HUMEDAL),R펦,28.70915,-100.5111
DLCOA482,POZO DAVISA - DON COSME,,510,SALTILLO-RAMOS ARIZPE,R펦 BRAVO,COAHUILA,COAHUILA DE ZARAGOZA,RAMOS ARIZPE,ACU펝ERO SALTILLO-RAMOS ARIZPE,SUBTERR쳁EO,POZO,25.58455,-100.91532
DLCOA483,AGUAS ABAJO DE CONFLUENCIA CON RIO BRAVO,R펦 BRAVO 7,,,R펦 BRAVO,COAHUILA,COAHUILA DE ZARAGOZA,JIM텙EZ,RIO SAN DIEGO,L흆ICO,R펦,29.0716,-100.68181
DLCOA484,RIO BRAVO POBLADO BALCONES,R펦 BRAVO 7,,,R펦 BRAVO,COAHUILA,COAHUILA DE ZARAGOZA,ACU헤,RIO BRAVO,L흆ICO,R펦,29.28122,-100.87948
DLCOA485,POZO CLUB CAMPESTRE SALTILLO,,510,SALTILLO-RAMOS ARIZPE,R펦 BRAVO,COAHUILA,COAHUILA DE ZARAGOZA,SALTILLO,ACU펝ERO SALTILLO-RAMOS ARIZPE,SUBTERR쳁EO,POZO,25.49529,-100.95275
DLCOA486,PARQUE INDUSTRIAL ACU헤,R펦 BRAVO 6,,,R펦 BRAVO,COAHUILA,COAHUILA DE ZARAGOZA,ACU헤,RIO BRAVO,L흆ICO,R펦,29.36448,-101.00435
DLCOA487,CORTINA PRESA LA AMISTAD,R펦 BRAVO 5,,,R펦 BRAVO,COAHUILA,COAHUILA DE ZARAGOZA,ACU헤,INTERNACIONAL LA AMISTAD,L텙TICO (HUMEDAL),PRESA,29.45219,-101.06331
DLCOA488,PRESA INTERNACIONAL LA AMISTAD 4,R펦 BRAVO 5,,,R펦 BRAVO,COAHUILA,COAHUILA DE ZARAGOZA,ACU헤,INTERNACIONAL LA AMISTAD,L텙TICO (HUMEDAL),PRESA,29.45434,-101.11588
DLCOA489,REPRESA HIDRAULICA DEL RIO,R펦 BRAVO 5,,,R펦 BRAVO,COAHUILA,COAHUILA DE ZARAGOZA,ACU헤,RIO BRAVO,L텙TICO (HUMEDAL),PRESA,29.4667,-101.15818
DLCOA490,PRESA INTERNACIONAL LA AMISTAD 5,R펦 BRAVO 5,,,R펦 BRAVO,COAHUILA,COAHUILA DE ZARAGOZA,ACU헤,PRESA INTERNACIONAL LA AMISTAD,L텙TICO (HUMEDAL),PRESA,29.51944,-101.25259
DLCOA491,PRESA INTERNACIONAL LA AMISTAD 6,R펦 BRAVO 5,,,R펦 BRAVO,COAHUILA,COAHUILA DE ZARAGOZA,ACU헤,PRESA INTERNACIONAL LA AMISTAD,L텙TICO (HUMEDAL),PRESA,29.57344,-101.24739
DLCOA492,POZO RANCHO PAOLA,,510,SALTILLO-RAMOS ARIZPE,R펦 BRAVO,COAHUILA,COAHUILA DE ZARAGOZA,SALTILLO,ACU펝ERO SALTILLO-RAMOS ARIZPE,SUBTERR쳁EO,POZO,25.43227,-100.88791
DLCOA493,POZO RANCHO DON BETO,,510,SALTILLO-RAMOS ARIZPE,R펦 BRAVO,COAHUILA,COAHUILA DE ZARAGOZA,SALTILLO,ACU펝ERO SALTILLO-RAMOS ARIZPE,SUBTERR쳁EO,POZO,25.44533,-100.92313
DLCOA494,PRESA INTERNACIONAL LA AMISTAD 1,R펦 BRAVO 5,,,R펦 BRAVO,COAHUILA,COAHUILA DE ZARAGOZA,ACU헤,INTERNACIONAL LA AMISTAD,L텙TICO (HUMEDAL),PRESA,29.49842,-101.30838
DLCOA495,PRESA INTERNACIONAL LA AMISTAD 2,R펦 BRAVO 5,,,R펦 BRAVO,COAHUILA,COAHUILA DE ZARAGOZA,ACU헤,INTERNACIONAL LA AMISTAD,L텙TICO (HUMEDAL),PRESA,29.47494,-101.30058
DLCOA496,PRESA INTERNACIONAL LA AMISTAD 3,R펦 BRAVO 5,,,R펦 BRAVO,COAHUILA,COAHUILA DE ZARAGOZA,ACU헤,INTERNACIONAL LA AMISTAD,L텙TICO (HUMEDAL),PRESA,29.46176,-101.27306
DLCOA497,POZO SALINAS DEL REY SUR,,520,LAGUNA DEL REY-SIERRA MOJADA,CUENCAS CENTRALES DEL NORTE,COAHUILA,COAHUILA DE ZARAGOZA,SIERRA MOJADA,ACU펝ERO LAGUNA DEL REY-SIERRA MOJADA,SUBTERR쳁EO,POZO,27.07335,-103.46597
DLCOA498,POZO No. 6 PE헲LES,,520,LAGUNA DEL REY-SIERRA MOJADA,R펦 BRAVO,COAHUILA,COAHUILA DE ZARAGOZA,OCAMPO,ACU펝ERO LAGUNA DEL REY-SIERRA MOJADA,SUBTERR쳁EO,POZO,27.02141,-103.34128
DLCOA499,EL HUNDIDO 1,,506,EL HUNDIDO,R펦 BRAVO,COAHUILA,COAHUILA DE ZARAGOZA,CUATRO CI텙EGAS,ACU펝ERO EL HUNDIDO,SUBTERR쳁EO,POZO,26.60065,-102.26766
DLCOA500,RANCHO DR. CELESTINO VALDEZ,,506,EL HUNDIDO,R펦 BRAVO,COAHUILA,COAHUILA DE ZARAGOZA,ARTEAGA,ACU펝ERO EL HUNDIDO,SUBTERR쳁EO,POZO,25.45353,-100.87861
DLCOA501,AREA DE PROTECCION DE FLORA Y FAUNA CUATRO CIENEGAS  1,R펦 NADADORES,,,R펦 BRAVO,COAHUILA,COAHUILA DE ZARAGOZA,CUATRO CI텙EGAS,CUATRO CIENEGAS,L텙TICO (HUMEDAL),LAGO,26.78061,-101.99227
DLCOA502,AREA DE PROTECCION DE FLORA Y FAUNA CUATRO CIENEGAS  3,R펦 NADADORES,,,R펦 BRAVO,COAHUILA,COAHUILA DE ZARAGOZA,CUATRO CI텙EGAS,CUATRO CIENEGAS,L텙TICO (HUMEDAL),LAGO,26.88327,-102.00291
DLCOA503,AREA DE PROTECCION DE FLORA Y FAUNA CUATRO CIENEGAS  4,R펦 NADADORES,,,R펦 BRAVO,COAHUILA,COAHUILA DE ZARAGOZA,CUATRO CI텙EGAS,CUATRO CIENEGAS,L텙TICO (HUMEDAL),LAGO,26.91218,-102.02923
DLCOA504,AREA DE PROTECCION DE FLORA Y FAUNA CUATRO CIENEGAS  6,R펦 NADADORES,,,R펦 BRAVO,COAHUILA,COAHUILA DE ZARAGOZA,CUATRO CI텙EGAS,CUATRO CIENEGAS,L흆ICO (HUMEDAL),R펦,26.90826,-102.07235
DLCOA505,AREA DE PROTECCION DE FLORA Y FAUNA CUATRO CIENEGAS  2,R펦 NADADORES,,,R펦 BRAVO,COAHUILA,COAHUILA DE ZARAGOZA,CUATRO CI텙EGAS,CUATRO CIENEGAS,L텙TICO (HUMEDAL),LAGO,26.87806,-102.13817
DLCOA506,RANCHO LA PILA,,502,CA헲N DEL DERRAMADERO,R펦 BRAVO,COAHUILA,COAHUILA DE ZARAGOZA,SALTILLO,ACU펝ERO CA헲N DEL DERRAMADERO,SUBTERR쳁EO,POZO,25.26425,-101.21575
DLCOA507,RANCHO ARTURO MENDES,,504,CUATROCIENEGAS-OCAMPO,R펦 BRAVO,COAHUILA,COAHUILA DE ZARAGOZA,OCAMPO,ACU펝ERO CUATROCIENEGAS-OCAMPO,SUBTERR쳁EO,POZO,27.60349,-102.40714
DLCOA508,POZO EJIDO HIGUERAS,,510,SALTILLO-RAMOS ARIZPE,R펦 BRAVO,COAHUILA,COAHUILA DE ZARAGOZA,RAMOS ARIZPE,ACU펝ERO SALTILLO-RAMOS ARIZPE,SUBTERR쳁EO,POZO,25.63039,-100.81335
DLCOA509,POZO EL SOL,,509,LA PAILA,CUENCAS CENTRALES DEL NORTE,COAHUILA,COAHUILA DE ZARAGOZA,PARRAS,ACU펝ERO LA PAILA,SUBTERR쳁EO,POZO,25.62313,-102.62177
DLCOA510,POZO 4 DE MARZO,,505,GENERAL CEPEDA-SAUCEDA,CUENCAS CENTRALES DEL NORTE,COAHUILA,COAHUILA DE ZARAGOZA,PARRAS,ACU펝ERO GENERAL CEPEDA-SAUCEDA,SUBTERR쳁EO,POZO,25.56363,-102.56519
DLCOA511,POZO SAN RAFAEL DE LOS MILAGROS,,509,LA PAILA,CUENCAS CENTRALES DEL NORTE,COAHUILA,COAHUILA DE ZARAGOZA,PARRAS,ACU펝ERO LA PAILA,SUBTERR쳁EO,POZO,25.66383,-102.49373
DLCOA512,POZO EL MIMBRE,,509,LA PAILA,CUENCAS CENTRALES DEL NORTE,COAHUILA,COAHUILA DE ZARAGOZA,PARRAS,ACU펝ERO LA PAILA,SUBTERR쳁EO,POZO,25.67093,-102.36098
DLCOA513,POZO LA CANDELARIA,,509,LA PAILA,CUENCAS CENTRALES DEL NORTE,COAHUILA,COAHUILA DE ZARAGOZA,PARRAS,ACU펝ERO LA PAILA,SUBTERR쳁EO,POZO,25.76645,-102.2642
DLCOA514,POZO ESTACION MADERO,,509,LA PAILA,CUENCAS CENTRALES DEL NORTE,COAHUILA,COAHUILA DE ZARAGOZA,PARRAS,ACU펝ERO LA PAILA,SUBTERR쳁EO,POZO,25.71831,-102.19048
DLCOA515,"P-3, EJIDO SAN FRANCISCO DEL RINCON",,509,LA PAILA,R펦 BRAVO,COAHUILA,COAHUILA DE ZARAGOZA,PARRAS,ACU펝ERO LA PAILA,SUBTERR쳁EO,POZO,25.62183,-102.15782
DLCOA516,CNA 417,,509,LA PAILA,R펦 BRAVO,COAHUILA,COAHUILA DE ZARAGOZA,PARRAS,ACU펝ERO LA PAILA,SUBTERR쳁EO,POZO,25.61403,-102.16331
DLCOA517,"P-2, RECREATIVO EL OASIS",,509,LA PAILA,CUENCAS CENTRALES DEL NORTE,COAHUILA,COAHUILA DE ZARAGOZA,PARRAS,ACU펝ERO LA PAILA,SUBTERR쳁EO,POZO,25.60186,-102.16606
DLCOA518,"P-1, SAN JUDAS",,509,LA PAILA,CUENCAS CENTRALES DEL NORTE,COAHUILA,COAHUILA DE ZARAGOZA,PARRAS,ACU펝ERO LA PAILA,SUBTERR쳁EO,POZO,25.59078,-102.17481
DLCOA519,"GSC 85, BODEGAS SAN LORENZO",,505,GENERAL CEPEDA-SAUCEDA,CUENCAS CENTRALES DEL NORTE,COAHUILA,COAHUILA DE ZARAGOZA,PARRAS,ACU펝ERO GENERAL CEPEDA-SAUCEDA,SUBTERR쳁EO,POZO,25.498,-102.19453
DLCOA520,POZO EJ. SAN LORENZO,,509,LA PAILA,CUENCAS CENTRALES DEL NORTE,COAHUILA,COAHUILA DE ZARAGOZA,PARRAS,ACU펝ERO LA PAILA,SUBTERR쳁EO,POZO,25.51958,-102.20174
DLCOA521,"GSC 87, PARRAS",,505,GENERAL CEPEDA-SAUCEDA,CUENCAS CENTRALES DEL NORTE,COAHUILA,COAHUILA DE ZARAGOZA,PARRAS,ACU펝ERO GENERAL CEPEDA-SAUCEDA,SUBTERR쳁EO,POZO,25.48861,-102.17817
DLCOA522,POZO REGIONAL PARRAS,,505,GENERAL CEPEDA-SAUCEDA,CUENCAS CENTRALES DEL NORTE,COAHUILA,COAHUILA DE ZARAGOZA,PARRAS,ACU펝ERO GENERAL CEPEDA-SAUCEDA,SUBTERR쳁EO,POZO,25.4889,-102.17488
DLCOA523,"P- HOYO 11, RINCON DEL MONTERO",,505,GENERAL CEPEDA-SAUCEDA,CUENCAS CENTRALES DEL NORTE,COAHUILA,COAHUILA DE ZARAGOZA,PARRAS,ACU펝ERO GENERAL CEPEDA-SAUCEDA,SUBTERR쳁EO,POZO,25.47734,-102.16675
DLCOA524,QUINTA MIRA FLORES,,505,GENERAL CEPEDA-SAUCEDA,CUENCAS CENTRALES DEL NORTE,COAHUILA,COAHUILA DE ZARAGOZA,PARRAS,ACU펝ERO GENERAL CEPEDA-SAUCEDA,SUBTERR쳁EO,POZO,25.43984,-102.16873
DLCOA525,"GSC 144, HACIENDA DEL MARQUEZ",,505,GENERAL CEPEDA-SAUCEDA,CUENCAS CENTRALES DEL NORTE,COAHUILA,COAHUILA DE ZARAGOZA,PARRAS,ACU펝ERO GENERAL CEPEDA-SAUCEDA,SUBTERR쳁EO,POZO,25.4402,-102.17355
DLCOA526,GALERIA PARRAS,,505,GENERAL CEPEDA-SAUCEDA,CUENCAS CENTRALES DEL NORTE,COAHUILA,COAHUILA DE ZARAGOZA,PARRAS,ACU펝ERO GENERAL CEPEDA-SAUCEDA,SUBTERR쳁EO,POZO,25.43402,-102.18182
DLCOA527,POZO BARRIAL DEL OJO DE AGUA,,505,GENERAL CEPEDA-SAUCEDA,CUENCAS CENTRALES DEL NORTE,COAHUILA,COAHUILA DE ZARAGOZA,PARRAS,ACU펝ERO GENERAL CEPEDA-SAUCEDA,SUBTERR쳁EO,POZO,25.40617,-102.1726
DLCOA528,POZO RANCHO VALLE SAN JOSE,,505,GENERAL CEPEDA-SAUCEDA,CUENCAS CENTRALES DEL NORTE,COAHUILA,COAHUILA DE ZARAGOZA,PARRAS,ACU펝ERO GENERAL CEPEDA-SAUCEDA,SUBTERR쳁EO,POZO,25.44787,-102.15225
DLCOA529,POZO LOS HOYOS - COAHUILA,,505,GENERAL CEPEDA-SAUCEDA,CUENCAS CENTRALES DEL NORTE,COAHUILA,COAHUILA DE ZARAGOZA,PARRAS,ACU펝ERO GENERAL CEPEDA-SAUCEDA,SUBTERR쳁EO,POZO,25.41228,-102.0033
DLCOA530,POZO LA PRESA,,505,GENERAL CEPEDA-SAUCEDA,CUENCAS CENTRALES DEL NORTE,COAHUILA,COAHUILA DE ZARAGOZA,PARRAS,ACU펝ERO GENERAL CEPEDA-SAUCEDA,SUBTERR쳁EO,POZO,25.33876,-101.83615
DLCOA531,POZO EL MESTE헲,,509,LA PAILA,CUENCAS CENTRALES DEL NORTE,COAHUILA,COAHUILA DE ZARAGOZA,PARRAS,ACU펝ERO LA PAILA,SUBTERR쳁EO,POZO,25.53829,-101.86935
DLCOA532,POZO LA CECILIA,,509,LA PAILA,CUENCAS CENTRALES DEL NORTE,COAHUILA,COAHUILA DE ZARAGOZA,PARRAS,ACU펝ERO LA PAILA,SUBTERR쳁EO,POZO,25.57514,-101.91452
DLCOA533,POZO EJIDO LAS TRINCHERAS,,509,LA PAILA,CUENCAS CENTRALES DEL NORTE,COAHUILA,COAHUILA DE ZARAGOZA,PARRAS,ACU펝ERO LA PAILA,SUBTERR쳁EO,POZO,25.6075,-101.98118
DLCOA534,POZO PIEDRA BLANCA,,509,LA PAILA,CUENCAS CENTRALES DEL NORTE,COAHUILA,COAHUILA DE ZARAGOZA,PARRAS,ACU펝ERO LA PAILA,SUBTERR쳁EO,POZO,25.65501,-101.87539
DLCOA5367,POZO CANDELARIA #1.,,501,ALLENDE-PIEDRAS NEGRAS,R펦 BRAVO,COAHUILA,COAHUILA DE ZARAGOZA,GUERRERO,ACU펝ERO ALLENDE-PIEDRAS NEGRAS,SUBTERR쳁EO,POZO,25.45236,-101.34878
DLCOA5368,POZO MACUYU,,505,GENERAL CEPEDA-SAUCEDA,R펦 BRAVO,COAHUILA,COAHUILA DE ZARAGOZA,GENERAL CEPEDA,ACU펝ERO GENERAL CEPEDA-SAUCEDA,SUBTERR쳁EO,POZO,25.3575,-101.6472222
DLCOA5369,POZO CALLEJON DE GUEVARA,,528,CUATROCIENEGAS,R펦 BRAVO,COAHUILA,COAHUILA DE ZARAGOZA,CUATRO CI텙EGAS,ACU펝ERO CUATROCIENEGAS,SUBTERR쳁EO,POZO,26.99111111,-102.0705556
DLCOA5370,POZO LA DEPORTIVA.,,505,GENERAL CEPEDA-SAUCEDA,R펦 BRAVO,COAHUILA,COAHUILA DE ZARAGOZA,GENERAL CEPEDA,ACU펝ERO GENERAL CEPEDA-SAUCEDA,SUBTERR쳁EO,POZO,25.38083333,-101.48
OCCCN5251M1,POZO COL. VICTORIA (BOMBA 12 SIMAS),,523,PRINCIPAL-REGION LAGUNERA,CUENCAS CENTRALES DEL NORTE,,COAHUILA DE ZARAGOZA,TORRE흁,ACU펝ERO PRINCIPAL-REGION LAGUNERA,SUBTERR쳁EO,POZO,25.53584,-103.48221
OCCCN5253M1,POZO 1254 (BOMBA 72 SIMAS),,523,PRINCIPAL-REGION LAGUNERA,CUENCAS CENTRALES DEL NORTE,,COAHUILA DE ZARAGOZA,TORRE흁,ACU펝ERO PRINCIPAL-REGION LAGUNERA,SUBTERR쳁EO,POZO,25.53947,-103.47512
OCCCN5254M1,POZO 4074 (BOMBA 50 SIMAS),,523,PRINCIPAL-REGION LAGUNERA,CUENCAS CENTRALES DEL NORTE,,COAHUILA DE ZARAGOZA,TORRE흁,ACU펝ERO PRINCIPAL-REGION LAGUNERA,SUBTERR쳁EO,POZO,25.52089,-103.45091
OCCCN5256M1,POZO 3704 (BOMBA 31 SIMAS),,523,PRINCIPAL-REGION LAGUNERA,CUENCAS CENTRALES DEL NORTE,,COAHUILA DE ZARAGOZA,TORRE흁,ACU펝ERO PRINCIPAL-REGION LAGUNERA,SUBTERR쳁EO,POZO,25.56234,-103.44817
OCCCN5257M1,POZO 336 (BOMBA 35 SIMAS),,523,PRINCIPAL-REGION LAGUNERA,CUENCAS CENTRALES DEL NORTE,,COAHUILA DE ZARAGOZA,TORRE흁,ACU펝ERO PRINCIPAL-REGION LAGUNERA,SUBTERR쳁EO,POZO,25.57216,-103.44813
OCCCN5265M1,POZO TORREON 2,,523,PRINCIPAL-REGION LAGUNERA,CUENCAS CENTRALES DEL NORTE,,COAHUILA DE ZARAGOZA,TORRE흁,ACU펝ERO PRINCIPAL-REGION LAGUNERA,SUBTERR쳁EO,POZO,25.47367,-103.38689
OCCCN5267M1,POZO 4511 (BOMBA 62 SIMAS),,523,PRINCIPAL-REGION LAGUNERA,CUENCAS CENTRALES DEL NORTE,,COAHUILA DE ZARAGOZA,TORRE흁,ACU펝ERO PRINCIPAL-REGION LAGUNERA,SUBTERR쳁EO,POZO,25.52609,-103.37525
OCCCN5268M1,POZO 369 ALBIA,,523,PRINCIPAL-REGION LAGUNERA,CUENCAS CENTRALES DEL NORTE,,COAHUILA DE ZARAGOZA,TORRE흁,ACU펝ERO PRINCIPAL-REGION LAGUNERA,SUBTERR쳁EO,POZO,25.67098,-103.36106
OCCCN5270M1,POZO EL CANARIO,,523,PRINCIPAL-REGION LAGUNERA,CUENCAS CENTRALES DEL NORTE,,COAHUILA DE ZARAGOZA,TORRE흁,ACU펝ERO PRINCIPAL-REGION LAGUNERA,SUBTERR쳁EO,POZO,25.59293,-103.34812
OCCCN5273M1,POZO 1 EL CUIJE,,523,PRINCIPAL-REGION LAGUNERA,CUENCAS CENTRALES DEL NORTE,,COAHUILA DE ZARAGOZA,MATAMOROS,ACU펝ERO PRINCIPAL-REGION LAGUNERA,SUBTERR쳁EO,POZO,25.69791,-103.33905
OCCCN5274M1,PTAR TORREON,CANAL SANTA ROSA,,,CUENCAS CENTRALES DEL NORTE,,COAHUILA DE ZARAGOZA,TORRE흁,ACU펝ERO PRINCIPAL REGION-LAGUNERA,L흆ICO,DESCARGA MUNICIPAL,25.50621,-103.33553
OCCCN5275M1,POZO CAMPO DE TIRO-STMV,,523,PRINCIPAL-REGION LAGUNERA,CUENCAS CENTRALES DEL NORTE,,COAHUILA DE ZARAGOZA,TORRE흁,ACU펝ERO PRINCIPAL-REGION LAGUNERA,SUBTERR쳁EO,POZO,25.41693,-103.34386
OCCCN5276M1,POZO NUEVO SAN ISIDRO,,523,PRINCIPAL-REGION LAGUNERA,CUENCAS CENTRALES DEL NORTE,,COAHUILA DE ZARAGOZA,TORRE흁,ACU펝ERO PRINCIPAL-REGION LAGUNERA,SUBTERR쳁EO,POZO,25.61982,-103.39794
OCCCN5277M1,POZO ALAMITO,,523,PRINCIPAL-REGION LAGUNERA,CUENCAS CENTRALES DEL NORTE,,COAHUILA DE ZARAGOZA,MATAMOROS,ACU펝ERO PRINCIPAL-REGION LAGUNERA,SUBTERR쳁EO,POZO,25.73095,-103.31006
OCCCN5278M1,POZO 709 (4 HERMANOS),,523,PRINCIPAL-REGION LAGUNERA,CUENCAS CENTRALES DEL NORTE,,COAHUILA DE ZARAGOZA,MATAMOROS,ACU펝ERO PRINCIPAL-REGION LAGUNERA,SUBTERR쳁EO,POZO,25.74674,-103.3075
OCCCN5279M1,POZO 701 EL FRESNO DEL NORTE,,523,PRINCIPAL-REGION LAGUNERA,CUENCAS CENTRALES DEL NORTE,,COAHUILA DE ZARAGOZA,FRANCISCO I. MADERO,ACU펝ERO PRINCIPAL-REGION LAGUNERA,SUBTERR쳁EO,POZO,25.74773,-103.29658
OCCCN5280M1,POZO CALERAS DE LA LAGUNA,,523,PRINCIPAL-REGION LAGUNERA,CUENCAS CENTRALES DEL NORTE,,COAHUILA DE ZARAGOZA,TORRE흁,ACU펝ERO PRINCIPAL-REGION LAGUNERA,SUBTERR쳁EO,POZO,25.50616,-103.43071
OCCCN5281M1,LA FLOR,PRESA LA FLOR,,,CUENCAS CENTRALES DEL NORTE,,COAHUILA DE ZARAGOZA,TORRE흁,RIO AGUANAVAL,L흆ICO,R펦,25.06807,-103.283855
OCCCN5282M1,POZO 5164 NOGALES DE LA LAGUNA,,523,PRINCIPAL-REGION LAGUNERA,CUENCAS CENTRALES DEL NORTE,,COAHUILA DE ZARAGOZA,MATAMOROS,ACU펝ERO PRINCIPAL-REGION LAGUNERA,SUBTERR쳁EO,POZO,25.70791,-103.27039
OCCCN5283M1,POZO 742 LA YERBABUENA,,523,PRINCIPAL-REGION LAGUNERA,CUENCAS CENTRALES DEL NORTE,,COAHUILA DE ZARAGOZA,MATAMOROS,ACU펝ERO PRINCIPAL-REGION LAGUNERA,SUBTERR쳁EO,POZO,25.71989,-103.26328
OCCCN5285M1,POZO 529 GATHO,,523,PRINCIPAL-REGION LAGUNERA,CUENCAS CENTRALES DEL NORTE,,COAHUILA DE ZARAGOZA,FRANCISCO I. MADERO,ACU펝ERO PRINCIPAL-REGION LAGUNERA,SUBTERR쳁EO,POZO,25.7626,-103.24722
OCCCN5287M1,POZO 2199 GUADALUPE VICTORIA,,523,PRINCIPAL-REGION LAGUNERA,CUENCAS CENTRALES DEL NORTE,,COAHUILA DE ZARAGOZA,MATAMOROS,ACU펝ERO PRINCIPAL-REGION LAGUNERA,SUBTERR쳁EO,POZO,25.74561,-103.2045
OCCCN5288M1,POZO EL CARI헲,,523,PRINCIPAL-REGION LAGUNERA,CUENCAS CENTRALES DEL NORTE,,COAHUILA DE ZARAGOZA,MATAMOROS,ACU펝ERO PRINCIPAL-REGION LAGUNERA,SUBTERR쳁EO,POZO,25.54237,-103.19515
OCCCN5289M1,POZO GILITA 2,,523,PRINCIPAL-REGION LAGUNERA,CUENCAS CENTRALES DEL NORTE,,COAHUILA DE ZARAGOZA,VIESCA,ACU펝ERO PRINCIPAL-REGION LAGUNERA,SUBTERR쳁EO,POZO,25.38371,-103.1743
OCCCN5290M1,POZO ACATITA 2,,524,ACATITA,CUENCAS CENTRALES DEL NORTE,,COAHUILA DE ZARAGOZA,FRANCISCO I. MADERO,ACU펝ERO ACATITA,SUBTERR쳁EO,POZO,26.64019,-103.14381
OCCCN5291M1,POZO 1522 URQUIZO,,523,PRINCIPAL-REGION LAGUNERA,CUENCAS CENTRALES DEL NORTE,,COAHUILA DE ZARAGOZA,SAN PEDRO,ACU펝ERO PRINCIPAL-REGION LAGUNERA,SUBTERR쳁EO,POZO,25.76613,-103.15266
OCCCN5292M1,POZO 931 LA ESMERALDA,,523,PRINCIPAL-REGION LAGUNERA,CUENCAS CENTRALES DEL NORTE,,COAHUILA DE ZARAGOZA,SAN PEDRO,ACU펝ERO PRINCIPAL-REGION LAGUNERA,SUBTERR쳁EO,POZO,25.76819,-103.08898
OCCCN5293M1,POZO SAN PABLO,,523,PRINCIPAL-REGION LAGUNERA,CUENCAS CENTRALES DEL NORTE,,COAHUILA DE ZARAGOZA,SAN PEDRO,ACU펝ERO PRINCIPAL-REGION LAGUNERA,SUBTERR쳁EO,POZO,25.72976,-103.07743
OCCCN5294M1,POZO FELIPE ANGELES,,524,ACATITA,CUENCAS CENTRALES DEL NORTE,,COAHUILA DE ZARAGOZA,FRANCISCO I. MADERO,ACU펝ERO ACATITA,SUBTERR쳁EO,POZO,26.47659,-103.04492
OCCCN5295M1,POZO SAN ISIDRO,,523,PRINCIPAL-REGION LAGUNERA,CUENCAS CENTRALES DEL NORTE,,COAHUILA DE ZARAGOZA,TORRE흁,ACU펝ERO PRINCIPAL-REGION LAGUNERA,SUBTERR쳁EO,POZO,25.56458,-103.43761
OCCCN5296M1,POZO NUEVA VICTORIA,,525,LAS DELICIAS,CUENCAS CENTRALES DEL NORTE,,COAHUILA DE ZARAGOZA,SAN PEDRO,ACU펝ERO LAS DELICIAS,SUBTERR쳁EO,POZO,26.43415,-102.80791
OCCCN5744,POZO ALMACEN,,523,PRINCIPAL-REGION LAGUNERA,CUENCAS CENTRALES DEL NORTE,,COAHUILA DE ZARAGOZA,FRANCISCO I. MADERO,ACU펝ERO PRINCIPAL-REGION LAGUNERA,SUBTERR쳁EO,POZO,25.76325,-103.28278
OCCCN5745,POZO BATOPILAS,,523,PRINCIPAL-REGION LAGUNERA,CUENCAS CENTRALES DEL NORTE,,COAHUILA DE ZARAGOZA,FRANCISCO I. MADERO,ACU펝ERO PRINCIPAL-REGION LAGUNERA,SUBTERR쳁EO,POZO,25.92089,-103.308
OCCCN5746,POZO JABONCILLO,,523,PRINCIPAL-REGION LAGUNERA,CUENCAS CENTRALES DEL NORTE,,COAHUILA DE ZARAGOZA,FRANCISCO I. MADERO,ACU펝ERO Francisco I. Madero,SUBTERR쳁EO,POZO,25.76167,-103.26061
OCCCN5747,POZO LAS ISABELES,,523,PRINCIPAL-REGION LAGUNERA,CUENCAS CENTRALES DEL NORTE,,COAHUILA DE ZARAGOZA,FRANCISCO I. MADERO,ACU펝ERO PRINCIPAL-REGION LAGUNERA,SUBTERR쳁EO,POZO,25.75444,-103.24778
OCCCN5748,POZO LAS MERCEDES,,523,PRINCIPAL-REGION LAGUNERA,CUENCAS CENTRALES DEL NORTE,,COAHUILA DE ZARAGOZA,FRANCISCO I. MADERO,ACU펝ERO PRINCIPAL-REGION LAGUNERA,SUBTERR쳁EO,POZO,25.84061,-103.3005
OCCCN5749,POZO LEAL,,523,PRINCIPAL-REGION LAGUNERA,CUENCAS CENTRALES DEL NORTE,,COAHUILA DE ZARAGOZA,FRANCISCO I. MADERO,ACU펝ERO FRANCISCO I. MADERO,SUBTERR쳁EO,POZO,25.76375,-103.24989
OCCCN5750,POZO MARRANERAS (NUEVO),,523,PRINCIPAL-REGION LAGUNERA,CUENCAS CENTRALES DEL NORTE,,COAHUILA DE ZARAGOZA,FRANCISCO I. MADERO,ACU펝ERO PRINCIPAL-REGION LAGUNERA,SUBTERR쳁EO,POZO,25.76186,-103.25086
OCCCN5751,POZO SAN ESTEBAN DE EGIPTO,,523,PRINCIPAL-REGION LAGUNERA,CUENCAS CENTRALES DEL NORTE,,COAHUILA DE ZARAGOZA,FRANCISCO I. MADERO,ACU펝ERO PRINCIPAL-REGION LAGUNERA,SUBTERR쳁EO,POZO,25.73528,-103.33192
OCCCN5752,POZO SANTO NI헲 (FCO. I. MADERO),,523,PRINCIPAL-REGION LAGUNERA,CUENCAS CENTRALES DEL NORTE,,COAHUILA DE ZARAGOZA,FRANCISCO I. MADERO,ACU펝ERO PRINCIPAL-REGION LAGUNERA,SUBTERR쳁EO,POZO,25.76025,-103.24358
OCCCN5753,POZO VIRGINIAS,,523,PRINCIPAL-REGION LAGUNERA,CUENCAS CENTRALES DEL NORTE,,COAHUILA DE ZARAGOZA,FRANCISCO I. MADERO,ACU펝ERO PRINCIPAL-REGION LAGUNERA,SUBTERR쳁EO,POZO,25.80783,-103.27428
OCCCN5754,POZO 3 MATAMOROS,,523,PRINCIPAL-REGION LAGUNERA,CUENCAS CENTRALES DEL NORTE,,COAHUILA DE ZARAGOZA,MATAMOROS,ACU펝ERO PRINCIPAL-REGION LAGUNERA,SUBTERR쳁EO,POZO,25.53364,-103.22697
OCCCN5755,POZO 4 MATAMOROS,,523,PRINCIPAL-REGION LAGUNERA,CUENCAS CENTRALES DEL NORTE,,COAHUILA DE ZARAGOZA,MATAMOROS,ACU펝ERO PRINCIPAL-REGION LAGUNERA,SUBTERR쳁EO,POZO,25.52053,-103.22914
OCCCN5756,POZO EL FENIX,,523,PRINCIPAL-REGION LAGUNERA,CUENCAS CENTRALES DEL NORTE,,COAHUILA DE ZARAGOZA,MATAMOROS,ACU펝ERO PRINCIPAL-REGION LAGUNERA,SUBTERR쳁EO,POZO,25.70119,-103.30422
OCCCN5757,POZO GRANADA,,523,PRINCIPAL-REGION LAGUNERA,CUENCAS CENTRALES DEL NORTE,,COAHUILA DE ZARAGOZA,MATAMOROS,ACU펝ERO MATAMOROS,SUBTERR쳁EO,POZO,25.64386,-103.267
OCCCN5758,POZO HORMIGUERO,,523,PRINCIPAL-REGION LAGUNERA,CUENCAS CENTRALES DEL NORTE,,COAHUILA DE ZARAGOZA,MATAMOROS,ACU펝ERO PRINCIPAL-REGION LAGUNERA,SUBTERR쳁EO,POZO,25.68721,-103.34038
OCCCN5759,POZO LA ESPERANZA.,,523,PRINCIPAL-REGION LAGUNERA,CUENCAS CENTRALES DEL NORTE,,COAHUILA DE ZARAGOZA,MATAMOROS,ACU펝ERO PRINCIPAL-REGION LAGUNERA,SUBTERR쳁EO,POZO,25.56264,-103.28269
OCCCN5760,POZO TANQUE MATAMOROS,,523,PRINCIPAL-REGION LAGUNERA,CUENCAS CENTRALES DEL NORTE,,COAHUILA DE ZARAGOZA,MATAMOROS,ACU펝ERO PRINCIPAL-REGION LAGUNERA,SUBTERR쳁EO,POZO,25.53511,-103.25039
OCCCN5761,POZO 12 DE DICIEMBRE.,,1024,ORIENTE AGUANAVAL,CUENCAS CENTRALES DEL NORTE,,COAHUILA DE ZARAGOZA,TORREON,ACU펝ERO ORIENTE AGUANAVAL,SUBTERR쳁EO,POZO,25.04219,-103.17308
OCCCN5762,POZO 4 NUEVA UNION,,523,PRINCIPAL-REGION LAGUNERA,CUENCAS CENTRALES DEL NORTE,,COAHUILA DE ZARAGOZA,TORREON,ACU펝ERO PRINCIPAL-REGION LAGUNERA,SUBTERR쳁EO,POZO,25.43028,-103.36747
OCCCN5763,POZO JALISCO,,1024,ORIENTE AGUANAVAL,CUENCAS CENTRALES DEL NORTE,,COAHUILA DE ZARAGOZA,TORREON,ACU펝ERO ORIENTE AGUANAVAL,SUBTERR쳁EO,POZO,25.21683,-103.43192
OCCCN5764,POZO JIMULCO,,1024,ORIENTE AGUANAVAL,CUENCAS CENTRALES DEL NORTE,,COAHUILA DE ZARAGOZA,TORREON,ACU펝ERO ORIENTE AGUANAVAL,SUBTERR쳁EO,POZO,25.11119,-103.347
OCCCN5765,POZO JUAN EUGENIO,,1024,ORIENTE AGUANAVAL,CUENCAS CENTRALES DEL NORTE,,COAHUILA DE ZARAGOZA,TORREON,ACU펝ERO ORIENTE AGUANAVAL,SUBTERR쳁EO,POZO,25.28572,-103.49783
OCCCN5766,POZO 5 DE MAYO (VIESCA),,523,PRINCIPAL-REGION LAGUNERA,CUENCAS CENTRALES DEL NORTE,,COAHUILA DE ZARAGOZA,VIESCA,ACU펝ERO PRINCIPAL-REGION LAGUNERA,SUBTERR쳁EO,POZO,25.05275,-102.53814
OCCCN5767,POZO ALTO DE PALOMILLO,,523,PRINCIPAL-REGION LAGUNERA,CUENCAS CENTRALES DEL NORTE,,COAHUILA DE ZARAGOZA,VIESCA,ACU펝ERO PRINCIPAL-REGION LAGUNERA,SUBTERR쳁EO,POZO,25.25875,-103.21908
OCCCN5768,POZO BOQUILLA DE LAS PERLAS,,523,PRINCIPAL-REGION LAGUNERA,CUENCAS CENTRALES DEL NORTE,,COAHUILA DE ZARAGOZA,VIESCA,ACU펝ERO PRINCIPAL-REGION LAGUNERA,SUBTERR쳁EO,POZO,25.32081,-103.28631
OCCCN5769,POZO DARIAS,,1024,ORIENTE AGUANAVAL,CUENCAS CENTRALES DEL NORTE,,COAHUILA DE ZARAGOZA,VIESCA,ACU펝ERO ORIENTE AGUANAVAL,SUBTERR쳁EO,POZO,24.83208,-102.91358
OCCCN5770,POZO FLOR DE MAYO,,1024,ORIENTE AGUANAVAL,CUENCAS CENTRALES DEL NORTE,,COAHUILA DE ZARAGOZA,VIESCA,ACU펝ERO ORIENTE AGUANAVAL,SUBTERR쳁EO,POZO,25.38017,-103.42414
OCCCN5771,POZO GABINO VAZQUEZ,,523,PRINCIPAL-REGION LAGUNERA,CUENCAS CENTRALES DEL NORTE,,COAHUILA DE ZARAGOZA,VIESCA,ACU펝ERO VIESCA,SUBTERR쳁EO,POZO,25.46575,-103.06914
OCCCN5772,POZO GILITA 1,,523,PRINCIPAL-REGION LAGUNERA,CUENCAS CENTRALES DEL NORTE,,COAHUILA DE ZARAGOZA,VIESCA,ACU펝ERO PRINCIPAL-REGION LAGUNERA,SUBTERR쳁EO,POZO,25.38881,-103.19742
OCCCN5773,POZO LA FE,,523,PRINCIPAL-REGION LAGUNERA,CUENCAS CENTRALES DEL NORTE,,COAHUILA DE ZARAGOZA,VIESCA,ACU펝ERO PRINCIPAL-REGION LAGUNERA,SUBTERR쳁EO,POZO,25.23798,-102.5919
OCCCN5774,POZO LA VENTANA,,1024,ORIENTE AGUANAVAL,CUENCAS CENTRALES DEL NORTE,,COAHUILA DE ZARAGOZA,VIESCA,ACU펝ERO ORIENTE AGUANAVAL,SUBTERR쳁EO,POZO,25.32772,-103.47925
OCCCN5775,POZO PUNTA DE SANTO DOMINGO,,1024,ORIENTE AGUANAVAL,CUENCAS CENTRALES DEL NORTE,,COAHUILA DE ZARAGOZA,VIESCA,ACU펝ERO ORIENTE AGUANAVAL,SUBTERR쳁EO,POZO,24.7645,-102.89042
OCCCN5776,POZO SAN ISIDRO (VIESCA),,523,PRINCIPAL-REGION LAGUNERA,CUENCAS CENTRALES DEL NORTE,,COAHUILA DE ZARAGOZA,VIESCA,ACU펝ERO PRINCIPAL-REGION LAGUNERA,SUBTERR쳁EO,POZO,25.36783,-103.33711
OCCCN5777,POZO SAN JOSE DEL AGUAJE,,1024,ORIENTE AGUANAVAL,CUENCAS CENTRALES DEL NORTE,,COAHUILA DE ZARAGOZA,VIESCA,ACU펝ERO ORIENTE AGUANAVAL,SUBTERR쳁EO,POZO,24.78242,-102.94022
OCCCN5778,POZO SAN JUAN DE VILLANUEVA,,523,PRINCIPAL-REGION LAGUNERA,CUENCAS CENTRALES DEL NORTE,,COAHUILA DE ZARAGOZA,VIESCA,ACU펝ERO PRINCIPAL-REGION LAGUNERA,SUBTERR쳁EO,POZO,25.53725,-103.08081
OCCCN5779,POZO TANQUE AGUILERE헲,,1024,ORIENTE AGUANAVAL,CUENCAS CENTRALES DEL NORTE,,COAHUILA DE ZARAGOZA,VIESCA,ACU펝ERO ORIENTE AGUANAVAL,SUBTERR쳁EO,POZO,24.80758,-102.95047
OCCCN5780,POZO VENUSTIANO CARRANZA.,,523,PRINCIPAL-REGION LAGUNERA,CUENCAS CENTRALES DEL NORTE,,COAHUILA DE ZARAGOZA,VIESCA,ACU펝ERO PRINCIPAL-REGION LAGUNERA,SUBTERR쳁EO,POZO,25.33381,-102.96097
OCRBR5708,EJIDO SECCION 22,,512,REGION CARBONIFERA,R펦 BRAVO,,COAHUILA DE ZARAGOZA,JUREZ,REGION CARBONIFERA,SUBTERR쳁EO,POZO,27.443068,-100.473617
OCRBR5709,EJIDO PALO BLANCO,,519,CASTA헲S,R펦 BRAVO,,COAHUILA DE ZARAGOZA,CASTA헲S,CASTA헲S,SUBTERR쳁EO,POZO,26.770533,-101.5072
OCRBR5710,EJIDO MESON DEL NORTE,,510,SALTILLO-RAMOS ARIZPE,R펦 BRAVO,,COAHUILA DE ZARAGOZA,RAMOS ARIZPE,SALTILLO-RAMOS ARIZPE,SUBTERR쳁EO,POZO,25.608067,-100.935561
OCRBR5711,POZO NORIA DE LA SABINA,,508,PAREDON,R펦 BRAVO,,COAHUILA DE ZARAGOZA,GENERAL CEPEDA,ACU펝ERO PAREDON,SUBTERR쳁EO,POZO,25.621133,-101.549652
OCCCN0003RNL21,POZO 5 MATAMOROS,,523,PRINCIPAL-REGION LAGUNERA,CUENCAS CENTRALES DEL NORTE,,COAHUILA DE ZARAGOZA,MATAMOROS,ACUIFERO PRINCIPAL REGION LAGUNERA,SUBTERR쳁EO,POZO,25.53430556,-103.2345833
OCCCN0004RNL21,POZO 8 MATAMOROS,,523,PRINCIPAL-REGION LAGUNERA,CUENCAS CENTRALES DEL NORTE,,COAHUILA DE ZARAGOZA,MATAMOROS,ACUIFERO PRINCIPAL REGION LAGUNERA,SUBTERR쳁EO,POZO,25.52672222,-103.2603417
OCCCN0005RNL21,POZO SAN ANTONIO 1,,523,PRINCIPAL-REGION LAGUNERA,CUENCAS CENTRALES DEL NORTE,,COAHUILA DE ZARAGOZA,TORRE흁 ,ACUIFERO PRINCIPAL REGION LAGUNERA,SUBTERR쳁EO,POZO,25.55291667,-103.3893889
OCCCN0006RNL21,POZO 400 LA JOYA,,523,PRINCIPAL-REGION LAGUNERA,CUENCAS CENTRALES DEL NORTE,,COAHUILA DE ZARAGOZA,TORRE흁 ,ACUIFERO PRINCIPAL REGION LAGUNERA,SUBTERR쳁EO,POZO,25.55988889,-103.3389444
OCCCN0007RNL21,POZO TALIA,,509,LA PAILA,CUENCAS CENTRALES DEL NORTE,,COAHUILA DE ZARAGOZA,PARRAS,ACUIFERO LA PAILA,SUBTERR쳁EO,POZO,25.73194444,-102.4137944
OCCCN0014RNL21,MANANTIAL FLOR DE JIMULCO,,1024,ORIENTE AGUANAVAL,CUENCAS CENTRALES DEL NORTE,,COAHUILA DE ZARAGOZA,TORRE흁,ACU펝ERO ORIENTE AGUANAVAL,SUBTERR쳁EO,MANANTIAL,25.12202778,-103.30475
OCCCN0017RNL21,POZO CHARCOS DE RISA,,523,PRINCIPAL-REGION LAGUNERA,CUENCAS CENTRALES DEL NORTE,,COAHUILA DE ZARAGOZA,FRANCISCO I. MADERO,ACU펝ERO PRINCIPAL-REGION LAGUNERA,SUBTERR쳁EO,POZO,26.21097222,-103.1070278
OCCCN0018RNL21,POZO HORMIGUERO,,523,PRINCIPAL-REGION LAGUNERA,CUENCAS CENTRALES DEL NORTE,,COAHUILA DE ZARAGOZA,MATAMOROS,ACU펝ERO PRINCIPAL-REGION LAGUNERA,SUBTERR쳁EO,POZO,25.68533333,-103.344
OCCCN0020RNL21,POZO PLATANERAS,,523,PRINCIPAL-REGION LAGUNERA,CUENCAS CENTRALES DEL NORTE,,COAHUILA DE ZARAGOZA,FRANCISCO I. MADERO,ACU펝ERO PRINCIPAL-REGION LAGUNERA,SUBTERR쳁EO,POZO,25.76272222,-103.2485833
OCCCN0022RNL21,POZO NO. 75R AMPL. SENDEROS,,523,PRINCIPAL-REGION LAGUNERA,CUENCAS CENTRALES DEL NORTE,,COAHUILA DE ZARAGOZA,TORRE흁,ACU펝ERO PRINCIPAL-REGION LAGUNERA,SUBTERR쳁EO,POZO,25.62286111,-103.3813611
OCCCN0023RNL21,POZO NO. 16 PALMAS DE SAN ISIDRO,,523,PRINCIPAL-REGION LAGUNERA,CUENCAS CENTRALES DEL NORTE,,COAHUILA DE ZARAGOZA,TORRE흁,ACU펝ERO PRINCIPAL-REGION LAGUNERA,SUBTERR쳁EO,POZO,25.57341667,-103.4279722
OCCCN0025RNL21,POZO NO. 32R JUMBO ,,523,PRINCIPAL-REGION LAGUNERA,CUENCAS CENTRALES DEL NORTE,,COAHUILA DE ZARAGOZA,TORRE흁,ACU펝ERO PRINCIPAL-REGION LAGUNERA,SUBTERR쳁EO,POZO,25.53466667,-103.3770833
OCCCN0035RNL21,POZO CABALLO BLANCO,,523,PRINCIPAL-REGION LAGUNERA,CUENCAS CENTRALES DEL NORTE,,COAHUILA DE ZARAGOZA,FRANCISCO I. MADERO,ACU펝ERO PRINCIPAL-REGION LAGUNERA,SUBTERR쳁EO,POZO,25.76209167,-103.249475
