CLAVE SITIO,NOMBRE DEL SITIO,CUENCA,CLAVE ACUÕFERO,ACUÕFERO,ORGANISMO CUENCA,ESTADO,MUNICIPIO,CUERPO DE AGUA,TIPO DE CUERPO DE AGUA,SUBTIPO CUERPO AGUA,LATITUD,LONGITUD
OCGNO3475W1,AFLUENTE PRESA PEDRO JOSE MENDEZ 1,RÕO PURIFICACI”N 1,,,GOLFO NORTE,TAMAULIPAS,HIDALGO,RIO SAN JUAN,L”TICO (HUMEDAL),PRESA,24.2235,-99.57051
OCGNO3476,PRESA PEDRO JOSE MENDEZ 3,RÕO PURIFICACI”N 1,,,GOLFO NORTE,TAMAULIPAS,HIDALGO,PRESA PEDRO JOSE MENDEZ,L…NTICO (HUMEDAL),PRESA,24.23771,-99.5632
OCGNO3477,PRESA PEDRO JOSE MENDEZ 4,RÕO PURIFICACI”N 1,,,GOLFO NORTE,TAMAULIPAS,HIDALGO,PRESA PEDRO JOSE MENDEZ,L…NTICO (HUMEDAL),PRESA,24.245,-99.56032
OCGNO3478,PRESA PEDRO JOSE MENDEZ 2,RÕO PURIFICACI”N 1,,,GOLFO NORTE,TAMAULIPAS,HIDALGO,PRESA PEDRO JOSE MENDEZ,L…NTICO (HUMEDAL),PRESA,24.23678,-99.55451
OCGNO3479,RIO SAN ANTONIO HIDROMETRICA  TOMASE—O,RÕO SAN ANTONIO,,,GOLFO NORTE,TAMAULIPAS,HIDALGO,RIO SAN ANTONIO,L”TICO,RÕO,24.26381,-99.44401
OCGNO3480,PRESA LA ESCONDIDA,¡REA NO AFORADA,,,GOLFO NORTE,TAMAULIPAS,HIDALGO,PRESA LA ESCONDIDA,L…NTICO (HUMEDAL),PRESA,24.20878,-99.34648
OCGNO3481,"RIO PURIFICACION, EL BARRETAL",RÕO PURIFICACI”N 1,,,GOLFO NORTE,TAMAULIPAS,HIDALGO,RIO PURIFICACION,L”TICO (HUMEDAL),RÕO,24.18115,-99.32381
OCGNO3482,"RIO BLANCO, BENITO JUAREZ",RÕO PURIFICACI”N 1,,,GOLFO NORTE,TAMAULIPAS,HIDALGO,RIO BLANCO,L”TICO,RÕO,24.15178,-99.40624
OCGNO3483,POZO 18 EJIDO SANTA ROSA,,2807,VICTORIA-GUEMEZ,GOLFO NORTE,TAMAULIPAS,G‹…MEZ,ACUÕFERO VICTORIA-GUEMEZ,SUBTERR¡NEO,POZO,23.96256,-99.266
OCGNO3484,POZO 21 EJ. EL PROGRESO,,2807,VICTORIA-GUEMEZ,GOLFO NORTE,TAMAULIPAS,G‹…MEZ,ACUÕFERO VICTORIA-GUEMEZ,SUBTERR¡NEO,POZO,23.96787,-99.08132
OCGNO3485,POZO 212 JORGE VALENTIN BERNAL,,2806,MARGENES DEL RIO PURIFICACION,GOLFO NORTE,TAMAULIPAS,PADILLA,ACUÕFERO MARGENES DEL RIO PURIFICACION,SUBTERR¡NEO,POZO,24.09905,-99.12158
OCGNO3486,POZO 70 ALEJANDRO BARBA,,2806,MARGENES DEL RIO PURIFICACION,GOLFO NORTE,TAMAULIPAS,PADILLA,ACUÕFERO MARGENES DEL RIO PURIFICACION,SUBTERR¡NEO,POZO,24.07263,-98.90733
OCGNO3487,ANGELICA ACEVEDO,,2806,MARGENES DEL RIO PURIFICACION,GOLFO NORTE,TAMAULIPAS,G‹…MEZ,ACUÕFERO MARGENES DEL RIO PURIFICACION,SUBTERR¡NEO,POZO,24.07083,-99.12199
OCGNO3488,P1MRP,,2806,MARGENES DEL RIO PURIFICACION,GOLFO NORTE,TAMAULIPAS,PADILLA,ACUÕFERO MARGENES DEL RIO PURIFICACION,SUBTERR¡NEO,POZO,24.04188,-99.00892
OCGNO3489,PRESA MARIA SOTO LA MARINA,RÕO PIL”N 2,,,GOLFO NORTE,TAMAULIPAS,SAN CARLOS,PRESA MARIA SOTO LA MARINA,L…NTICO (HUMEDAL),PRESA,24.3991,-98.98997
OCGNO3490,"PRESA LA LOBA, JIMENEZ",RÕO SOTO LA MARINA 2,,,GOLFO NORTE,TAMAULIPAS,JIM…NEZ,PRESA LA LOBA,L…NTICO,PRESA,24.35927,-98.62031
OCGNO3491,"RIO CONCHOS, PUENTE CARRETERO LIB.",RÕO SAN FERNANDO 2,,,GOLFO NORTE,TAMAULIPAS,SAN FERNANDO,RIO CONCHOS,L”TICO,RÕO,24.78931,-98.15559
OCGNO3492,"RIO CONCHOS, SAN FERNANDO",RÕO SAN FERNANDO 1,,,GOLFO NORTE,TAMAULIPAS,SAN FERNANDO,RIO CONCHOS,L”TICO,RÕO,24.86298,-98.1741
OCGNO3493,VADO LAS ESCOBAS,RÕO SAN FERNANDO 1,,,GOLFO NORTE,TAMAULIPAS,SAN FERNANDO,RIO CONCHOS,L”TICO,RÕO,24.980278,-98.319722
OCGNO3494,LAGUNA MADRE HUMEDAL 3,LAGUNA MADRE NORTE,,,GOLFO NORTE,TAMAULIPAS,SAN FERNANDO,LAGUNA MADRE,COSTERO (HUMEDAL),LAGUNA,24.97063,-97.88091
OCGNO3495,"LAGUNA LA NACHA, CENTRO",RÕO SAN FERNANDO 2,,,GOLFO NORTE,TAMAULIPAS,SAN FERNANDO,LAGUNA LA NACHA,COSTERO,LAGUNA,24.86668,-97.828
OCGNO3496,LAGUNA MADRE HUMEDAL 2,RÕO SAN FERNANDO 2,,,GOLFO NORTE,TAMAULIPAS,SAN FERNANDO,LAGUNA MADRE,COSTERO (HUMEDAL),LAGUNA,24.84632,-97.85645
OCGNO3497,"RIO CONCHOS, ENTRADA A LA LAGUNA LA NACHA",RÕO SAN FERNANDO 2,,,GOLFO NORTE,TAMAULIPAS,SAN FERNANDO,RIO CONCHOS,L”TICO (HUMEDAL),RÕO,24.84227,-97.88991
OCGNO3498,LAGUNA MADRE 5,BARRA JES⁄S MARÕA,,,GOLFO NORTE,TAMAULIPAS,SAN FERNANDO,LAGUNA MADRE,COSTERO (HUMEDAL),LAGUNA,24.85789,-97.64601
OCGNO3499,LAGUNA MADRE 7,LAGUNA MADRE NORTE,,,GOLFO NORTE,TAMAULIPAS,SAN FERNANDO,LAGUNA MADRE,COSTERO (HUMEDAL),LAGUNA,25.01301,-97.54758
OCGNO3500,LAGUNA MADRE 6,LAGUNA MADRE NORTE,,,GOLFO NORTE,TAMAULIPAS,SAN FERNANDO,LAGUNA MADRE,COSTERO (HUMEDAL),LAGUNA,25.04051,-97.69059
OCGNO3501,CANAL CUEZ,RÕO TAMESÕ,,,GOLFO NORTE,TAMAULIPAS,ALTAMIRA,LAGUNA DE CHAMPAYAN,L…NTICO,LAGO,22.37683,-98.09639
OCGNO3502M1,LAGUNA DE CHAMPAYAN BOCA TOMA 3 DE MAYO,RÕO TAMESÕ,,,GOLFO NORTE,TAMAULIPAS,ALTAMIRA,LAGUNA DE CHAMPAYAN,L…NTICO,LAGO,22.40649,-98.02772
OCGNO3503,PRESA ALBERTO CARRERA T. 3,RÕO PIL”N 2,,,GOLFO NORTE,TAMAULIPAS,MAINERO,PRESA ALBERTO CARRERA TORRES,L…NTICO (HUMEDAL),PRESA,24.56044,-99.46777
OCGNO3504,PRESA ALBERTO CARRERA T. 1,RÕO PIL”N 2,,,GOLFO NORTE,TAMAULIPAS,MAINERO,PRESA ALBERTO CARRERA TORRES,L…NTICO (HUMEDAL),PRESA,24.5541,-99.46934
OCGNO3505,"RIO CONCHOS, BURGOS",RÕO SAN FERNANDO 1,,,GOLFO NORTE,TAMAULIPAS,BURGOS,RIO CONCHOS,L”TICO,RÕO,25.04475,-98.83002
OCGNO3506,LAGUNA LA HERRADURA,RÕO TAMESÕ,,,GOLFO NORTE,TAMAULIPAS,TAMPICO,LAGUNA LA HERRADURA,L…NTICO (HUMEDAL),LAGO,22.26665,-97.8827
OCGNO3507,"LAGUNA DEL CHAIREL, BOCATOMA COMAPA TAMPICO",RÕO TAMESÕ,,,GOLFO NORTE,TAMAULIPAS,TAMPICO,LAGUNA DEL CHAIREL,L…NTICO,LAGO,22.23844,-97.8764
OCGNO3508W1,LAGUNA DEL CARPINTERO 1,RÕO P¡NUCO 2,,,GOLFO NORTE,TAMAULIPAS,TAMPICO,LAGUNA DEL CARPINTERO,L…NTICO - COSTERO,LAGUNA,22.23202,-97.85618
OCGNO3509W1,LAGUNA DEL CARPINTERO PUENTE MACALITO,RÕO P¡NUCO 2,,,GOLFO NORTE,TAMAULIPAS,TAMPICO,LAGUNA DEL CARPINTERO,L…NTICO - COSTERO,LAGUNA,22.22127,-97.85252
OCGNO3513,TERMINAL MARITIMA MADERO,RÕO P¡NUCO 2,,,GOLFO NORTE,TAMAULIPAS,CIUDAD MADERO,RIO PANUCO,L”TICO - COSTERO (HUMEDAL),ESTUARIO,22.25405,-97.80638
OCGNO3514,PANUCO II,RÕO P¡NUCO 2,,,GOLFO NORTE,TAMAULIPAS,CIUDAD MADERO,RIO PANUCO,L”TICO - COSTERO,ESTUARIO,22.26307,-97.78355
OCGNO3515,"GOLFO DE MEXICO MIRAMAR, PLAZA GOBERNADORES",LAGUNA LAS MARISMAS,,,GOLFO NORTE,TAMAULIPAS,CIUDAD MADERO,GOLFO DE MEXICO,COSTERO,OC…ANO-MAR,22.28695,-97.80058
OCGNO3517,ARROYO EL OLMO 2,¡REA NO AFORADA,,,GOLFO NORTE,TAMAULIPAS,VICTORIA,ARROYO EL OLMO,L”TICO,ARROYO,23.70536,-99.0755
OCGNO3518,PLAYA MIRAMAR,LAGUNA LAS MARISMAS,,,GOLFO NORTE,TAMAULIPAS,CIUDAD MADERO,GOLFO DE MEXICO,COSTERO,OC…ANO-MAR,22.29744,-97.80714
OCGNO3519W1,MARISMAS ALTAMIRA SUR,LAGUNA LAS MARISMAS,,,GOLFO NORTE,TAMAULIPAS,ALTAMIRA,MARISMAS ALTAMIRA,L…NTICO - COSTERO (HUMEDAL),MARISMA,22.35581,-97.841696
OCGNO3520M1,"RIO TAMESI, BOCATOMA LOS TOMATES",RÕO TAMESÕ,,,GOLFO NORTE,TAMAULIPAS,ALTAMIRA,RIO TAMESI,L”TICO,RÕO,22.46755,-98.19228
OCGNO3521,MARISMAS ALTAMIRA CENTRO,LAGUNA LAS MARISMAS,,,GOLFO NORTE,TAMAULIPAS,ALTAMIRA,MARISMAS ALTAMIRA,COSTERO (HUMEDAL),MARISMA,22.44184,-97.86002
OCGNO3522,LAGUNA DEL CHANGO,LAGUNA LAS MARISMAS,,,GOLFO NORTE,TAMAULIPAS,ALTAMIRA,LAGUNA DEL CHANGO,L…NTICO,LAGO,22.4031,-97.87835
OCGNO3523W1,LAGUNA EL CONEJO SUR,LAGUNA LAS MARISMAS,,,GOLFO NORTE,TAMAULIPAS,ALTAMIRA,LAGUNA EL CONEJO,L…NTICO (HUMEDAL),LAGUNA,22.4255,-97.88352
OCGNO3524W1,LAGUNA EL CONEJO NORTE,LAGUNA LAS MARISMAS,,,GOLFO NORTE,TAMAULIPAS,ALTAMIRA,LAGUNA EL CONEJO,L…NTICO - COSTERO (HUMEDAL),LAGUNA,22.42884,-97.88625
OCGNO3525W1,"LAGUNA EL CONEJO, SALIDA",LAGUNA LAS MARISMAS,,,GOLFO NORTE,TAMAULIPAS,ALTAMIRA,LAGUNA EL CONEJO,L…NTICO - COSTERO (HUMEDAL),LAGUNA,22.43138611,-97.87711944
OCGNO3526W1,ESTERO GARRAPATAS,LAGUNA LAS MARISMAS,,,GOLFO NORTE,TAMAULIPAS,ALTAMIRA,ESTERO GARRAPATAS,L…NTICO,ESTERO,22.46571,-97.91795
OCGNO3527,GOLFO DE MEXICO (PUERTO ALTAMIRA),RÕO BARBERENA 2,,,GOLFO NORTE,TAMAULIPAS,ALTAMIRA,GOLFO DE MEXICO,COSTERO,OC…ANO-MAR,22.49814,-97.85373
OCGNO3528,"GOLFO DE MEXICO, 2 KM ADENTRO BOCA PUERTO ALTAMIRA",LAGUNA LAS MARISMAS,,,GOLFO NORTE,TAMAULIPAS,ALTAMIRA,GOLFO DE MEXICO,COSTERO,OC…ANO-MAR,22.48552,-97.82185
OCGNO3529,RIO BARBERENA AQUILES SERDAN,RÕO BARBERENA 2,,,GOLFO NORTE,TAMAULIPAS,ALTAMIRA,RIO BARBERENA,L”TICO - COSTERO (HUMEDAL),ESTUARIO,22.57375,-97.90598
OCGNO3530,DESCARGAS DE CAMARONICOLAS A LA LAGUNA DE SAN ANDRES,RÕO BARBERENA 2,,,GOLFO NORTE,TAMAULIPAS,ALDAMA,LAGUNA DE SAN ANDRES,L”TICO - COSTERO,LAGUNA,22.62991,-97.8946
OCGNO3531,"LAGUNA DE SAN ANDRES, CENTRO",RÕO BARBERENA 2,,,GOLFO NORTE,TAMAULIPAS,ALDAMA,LAGUNA DE SAN ANDRES,COSTERO (HUMEDAL),LAGUNA,22.65355,-97.87115
OCGNO3532,GOLFO DE MEXICO LAGUNA DE SAN ANDRES,LAGUNA DE SAN ANDR…S,,,GOLFO NORTE,TAMAULIPAS,ALDAMA,GOLFO DE MEXICO,COSTERO,OC…ANO-MAR,22.67397,-97.83596
OCGNO3533,BARRA DE CHAVARRIA,LAGUNA DE SAN ANDR…S,,,GOLFO NORTE,TAMAULIPAS,ALDAMA,LAGUNA SAN ANDR…S,COSTERO,LAGUNA,22.67424,-97.83849
OCGNO3534,"GOLFO DE MEXICO, 2 KM ADENTRO LAGUNA DE SAN ANDRES ALDAMA",RÕO BARBERENA 2,,,GOLFO NORTE,TAMAULIPAS,ALDAMA,GOLFO DE MEXICO,COSTERO,OC…ANO-MAR,22.668131,-97.826252
OCGNO3535W1,"RIO TIGRE, EJIDO EL MORON",RÕO TIGRE 2,,,GOLFO NORTE,TAMAULIPAS,ALDAMA,RIO TIGRE,L”TICO - COSTERO (HUMEDAL),ESTUARIO,22.71404,-97.85978
OCGNO3536W1,RIO TIGRE 2,RÕO TIGRE 2,,,GOLFO NORTE,TAMAULIPAS,ALDAMA,RIO TIGRE,L”TICO - COSTERO (HUMEDAL),ESTUARIO,22.73625,-97.89072
OCGNO3537W1,RIO TIGRE 1,RÕO TIGRE 2,,,GOLFO NORTE,TAMAULIPAS,ALDAMA,RIO TIGRE,L”TICO - COSTERO,ESTUARIO,22.788968,-97.910595
OCGNO3538W1,RIO TIGRE,RÕO TIGRE 2,,,GOLFO NORTE,TAMAULIPAS,ALDAMA,RIO TIGRE,L”TICO - COSTERO,ESTUARIO,22.816304,-97.922833
OCGNO3539,LA TAPADA,RÕO TIGRE 2,,,GOLFO NORTE,TAMAULIPAS,ALDAMA,RIO TIGRE,L”TICO,RÕO,22.841706,-97.940732
OCGNO3540,HIDROMETRICA CHIJOL,RÕO TIGRE 2,,,GOLFO NORTE,TAMAULIPAS,ALDAMA,RIO TIGRE,L”TICO,RÕO,22.87682778,-98.03538889
OCGNO3541,RIO BLANCO AGUAS ABAJO DE LA POBL. DE ALDAMA,RÕO TIGRE 1,,,GOLFO NORTE,TAMAULIPAS,ALDAMA,RIO BLANCO,L”TICO,RÕO,22.898,-98.06293
OCGNO3542,RIO BLANCO BOMBAS ALDAMA,RÕO TIGRE 1,,,GOLFO NORTE,TAMAULIPAS,ALDAMA,RIO BLANCO,L”TICO,RÕO,22.92482,-98.08384
OCGNO3543,RIO SAN RAFAEL PUENTE CARRETERO,RÕO SAN RAFAEL 3,,,GOLFO NORTE,TAMAULIPAS,ALDAMA,RIO SAN RAFAEL,L”TICO,RÕO,23.16543,-97.95312
OCGNO3544,PRESA REPUBLICA ESPA—OLA 2,RÕO SAN RAFAEL 1,,,GOLFO NORTE,TAMAULIPAS,ALDAMA,PRESA REPUBLICA ESPA—OLA,L…NTICO,PRESA,23.26083,-97.97685
OCGNO3545,PRESA REPUBLICA ESPA—OLA 3,RÕO SAN RAFAEL 1,,,GOLFO NORTE,TAMAULIPAS,ALDAMA,PRESA REPUBLICA ESPA—OLA,L…NTICO,PRESA,23.26193,-97.99277
OCGNO3546,PRESA REPUBLICA ESPA—OLA 1,RÕO SAN RAFAEL 1,,,GOLFO NORTE,TAMAULIPAS,ALDAMA,PRESA REPUBLICA ESPA—OLA,L…NTICO,PRESA,23.29091,-97.97943
OCGNO3547,PRESA LAVADEROS,RÕO PALMAS,,,GOLFO NORTE,TAMAULIPAS,SOTO LA MARINA,PRESA LAVADEROS,L…NTICO,PRESA,23.4697,-98.02822
OCGNO3548,TEPEHUAJES,LAGUNA MORALES,,,GOLFO NORTE,TAMAULIPAS,SOTO LA MARINA,GOLFO DE MEXICO,COSTERO,OC…ANO-MAR,23.4989,-97.75864
OCGNO3549W1,LA PESCA,ARROYOS CALANCHE-VENADOS,,,GOLFO NORTE,TAMAULIPAS,SOTO LA MARINA,RIO SOTO LA MARINA,L”TICO - COSTERO (HUMEDAL),ESTUARIO,23.77292,-97.73766
OCGNO3550,PLAYA LA PESCA,ARROYOS CALANCHE-VENADOS,,,GOLFO NORTE,TAMAULIPAS,SOTO LA MARINA,GOLFO DE MEXICO,COSTERO (HUMEDAL),OC…ANO-MAR,23.77427,-97.73439
OCGNO3551,GOLFO DE MEXICO LA PESCA,ARROYOS CALANCHE-VENADOS,,,GOLFO NORTE,TAMAULIPAS,SOTO LA MARINA,GOLFO DE MEXICO,COSTERO,OC…ANO-MAR,23.79035,-97.73543
OCGNO3552,"RIO SOTO LA MARINA, AGUAS ARRIBA DE SOTO LA MARINA",RÕO SOTO LA MARINA 2,,,GOLFO NORTE,TAMAULIPAS,SOTO LA MARINA,RIO SOTO LA MARINA,L”TICO (HUMEDAL),RÕO,23.79165,-98.20404
OCGNO3553,EJIDO TAMPIQUITO,RÕO SOTO LA MARINA 2,,,GOLFO NORTE,TAMAULIPAS,SOTO LA MARINA,RIO SOTO LA MARINA,L”TICO,RÕO,23.83183,-98.20453
OCGNO3554,PUENTE CARRETERO (SLM),RÕO SOTO LA MARINA 3,,,GOLFO NORTE,TAMAULIPAS,SOTO LA MARINA,RIO SOTO LA MARINA,L”TICO (HUMEDAL),RÕO,23.73723,-98.2063
OCGNO3555,RIO SOTO LA MARINA EL MOLINO,RÕO SOTO LA MARINA 2,,,GOLFO NORTE,TAMAULIPAS,ABASOLO,RIO SOTO LA MARINA,L”TICO,RÕO,23.99821,-98.27045
OCGNO3556,"PRESA LA PATRIA ES PRIMERO, ABASOLO",RÕO SOTO LA MARINA 1,,,GOLFO NORTE,TAMAULIPAS,JIM…NEZ,PRESA LA PATRIA ES PRIMERO,L…NTICO (HUMEDAL),PRESA,23.96600833,-98.52169444
OCGNO3557,PRESA VICENTE GUERRERO (SAUCES 2),¡REA NO AFORADA,,,GOLFO NORTE,TAMAULIPAS,PADILLA,PRESA VICENTE GUERRERO,L…NTICO (HUMEDAL),PRESA,23.95941,-98.67295
OCGNO3558,PRESA VICENTE GUERRERO (SAUCES 3),¡REA NO AFORADA,,,GOLFO NORTE,TAMAULIPAS,PADILLA,PRESA VICENTE GUERRERO,L…NTICO (HUMEDAL),PRESA,23.90734,-98.72422
OCGNO3559,SAUCES,¡REA NO AFORADA,,,GOLFO NORTE,TAMAULIPAS,CASAS,PRESA VICENTE GUERRERO,L…NTICO,PRESA,23.83669,-98.73517
OCGNO3560,PRESA VICENTE GUERRERO (SAUCES 1),¡REA NO AFORADA,,,GOLFO NORTE,TAMAULIPAS,PADILLA,PRESA VICENTE GUERRERO,L…NTICO,PRESA,23.93626,-98.80485
OCGNO3561,PRESA VICENTE GUERRERO (SAUCES 4),¡REA NO AFORADA,,,GOLFO NORTE,TAMAULIPAS,PADILLA,PRESA VICENTE GUERRERO,L…NTICO,PRESA,23.9975,-98.76208
OCGNO3562,PRESA VICENTE GUERRERO (SAUCES 5),¡REA NO AFORADA,,,GOLFO NORTE,TAMAULIPAS,PADILLA,PRESA VICENTE GUERRERO,L…NTICO (HUMEDAL),PRESA,24.03286667,-98.717444
OCGNO3563,PRESA VICENTE GUERRERO (SAUCES 6),¡REA NO AFORADA,,,GOLFO NORTE,TAMAULIPAS,PADILLA,PRESA VICENTE GUERRERO,L…NTICO (HUMEDAL),PRESA,24.05546,-98.73904
OCGNO3564,ENRIQUE LOPEZ,,2806,MARGENES DEL RIO PURIFICACION,GOLFO NORTE,TAMAULIPAS,PADILLA,ACUÕFERO MARGENES DEL RIO PURIFICACION,SUBTERR¡NEO,POZO,24.04153,-98.86002
OCGNO3565,POZO 14 JORGE GUEVARA,,2806,MARGENES DEL RIO PURIFICACION,GOLFO NORTE,TAMAULIPAS,PADILLA,ACUÕFERO MARGENES DEL RIO PURIFICACION,SUBTERR¡NEO,POZO,24.06487,-98.86932
OCGNO3566,NUEVO PADILLA,RÕO PURIFICACI”N 2,,,GOLFO NORTE,TAMAULIPAS,PADILLA,RIO PURIFICACION,L”TICO (HUMEDAL),RÕO,24.04242,-98.90372
OCGNO3567,HIDROMETRICA CORONA,RÕO CORONA,,,GOLFO NORTE,TAMAULIPAS,G‹…MEZ,RIO CORONA,L”TICO (HUMEDAL),RÕO,23.937,-98.93626
OCGNO3568,POZO 6 HUERTA GUEMEZ,,2807,VICTORIA-GUEMEZ,GOLFO NORTE,TAMAULIPAS,G‹…MEZ,ACUÕFERO VICTORIA-GUEMEZ,SUBTERR¡NEO,POZO,23.92383,-98.99417
OCGNO3569,POZO 9 ROTOPLAS BLANCO,,2807,VICTORIA-GUEMEZ,GOLFO NORTE,TAMAULIPAS,G‹…MEZ,ACUÕFERO VICTORIA-GUEMEZ,SUBTERR¡NEO,POZO,23.87666,-99.00736
OCGNO3570,POZO 13 RANCHO ERICO,,2807,VICTORIA-GUEMEZ,GOLFO NORTE,TAMAULIPAS,VICTORIA,ACUÕFERO VICTORIA-GUEMEZ,SUBTERR¡NEO,POZO,23.89004,-99.14043
OCGNO3571,POZO 19 HUERTA SANTA MONICA,,2807,VICTORIA-GUEMEZ,GOLFO NORTE,TAMAULIPAS,VICTORIA,ACUÕFERO VICTORIA-GUEMEZ,SUBTERR¡NEO,POZO,23.87964,-99.20247
OCGNO3572,POZO 27 EL OJITO,,2808,VICTORIA-CASAS,GOLFO NORTE,TAMAULIPAS,VICTORIA,ACUÕFERO VICTORIA-CASAS,SUBTERR¡NEO,POZO,23.80415,-98.95889
OCGNO3573,POZO 1 HIELO Y AGUA DE VICTORIA,,2807,VICTORIA-GUEMEZ,GOLFO NORTE,TAMAULIPAS,VICTORIA,ACUÕFERO VICTORIA-GUEMEZ,SUBTERR¡NEO,POZO,23.74566,-99.12487
OCGNO3574,POZO 25 COMAPA PLANTA TRATADORA,,2807,VICTORIA-GUEMEZ,GOLFO NORTE,TAMAULIPAS,VICTORIA,ACUÕFERO VICTORIA-GUEMEZ,SUBTERR¡NEO,POZO,23.75981,-99.07846
OCGNO3575,ARROYO EL OLMO,¡REA NO AFORADA,,,GOLFO NORTE,TAMAULIPAS,VICTORIA,ARROYO EL OLMO,L”TICO,ARROYO,23.70155,-99.08673
OCGNO3576,PRESA LA LAJILLA 1,ARROYO GRANDE,,,GOLFO NORTE,TAMAULIPAS,CASAS,PRESA LA LAJILLA,L…NTICO,PRESA,23.66377,-98.73128
OCGNO3577,GOLFO DE MEXICO 2,LAGUNA LAS MARISMAS,,,GOLFO NORTE,TAMAULIPAS,ALTAMIRA,GOLFO DE MEXICO,COSTERO,OC…ANO-MAR,22.35,-97.81376
OCGNO3578,POZO 8A RANCHO CASTILLO,,2811,LLERA-XICOTENCATL,GOLFO NORTE,TAMAULIPAS,LLERA,ACUÕFERO LLERA-XICOTENCATL,SUBTERR¡NEO,POZO,23.30227,-99.00883
OCGNO3579,LA ENCANTADA,RÕO GUAYALEJO 2,,,GOLFO NORTE,TAMAULIPAS,LLERA,RIO GUAYALEJO,L”TICO,RÕO,23.32086,-99.06965
OCGNO3580,POZO 54 LOS COMPADRES,,2811,LLERA-XICOTENCATL,GOLFO NORTE,TAMAULIPAS,XICOT…NCATL,ACUÕFERO LLERA-XICOTENCATL,SUBTERR¡NEO,POZO,23.10411,-99.1285
OCGNO3581,RIO SABINAS HIDROMETRICA SABINAS,RÕO SABINAS,,,GOLFO NORTE,TAMAULIPAS,G”MEZ FARÕAS,RIO SABINAS,L”TICO,RÕO,23.03145,-99.0933
OCGNO3582,POZO 81 HUERTA EL CIELO,,2811,LLERA-XICOTENCATL,GOLFO NORTE,TAMAULIPAS,G”MEZ FARÕAS,ACUÕFERO LLERA-XICOTENCATL,SUBTERR¡NEO,POZO,22.99903,-99.07515
OCGNO3583,POZO 76A RANCHO LOS NARANJOS,,2811,LLERA-XICOTENCATL,GOLFO NORTE,TAMAULIPAS,XICOT…NCATL,ACUÕFERO LLERA-XICOTENCATL,SUBTERR¡NEO,POZO,23.02564,-98.8833
OCGNO3584,POZO 139 A PROFE LIRA,,2812,OCAMPO-ANTIGUO MORELOS,GOLFO NORTE,TAMAULIPAS,EL MANTE,ACUÕFERO OCAMPO-ANTIGUO MORELOS,SUBTERR¡NEO,POZO,22.61112,-99.0124
OCGNO3585,EMILIO PORTEZ GIL (SAN LORENZO 2),RÕO GUAYALEJO 3,,,GOLFO NORTE,TAMAULIPAS,XICOT…NCATL,EMILIO PORTES GIL(SAN LORENZO),L…NTICO (HUMEDAL),PRESA,22.97252,-98.79919
OCGNO3586,EMILIO PORTES GIL(SAN LORENZO 3),RÕO GUAYALEJO 3,,,GOLFO NORTE,TAMAULIPAS,XICOT…NCATL,EMILIO PORTES GIL(SAN LORENZO),L…NTICO (HUMEDAL),PRESA,22.96455,-98.77925
OCGNO3587,EMILIO PORTES GIL (SAN LORENZO 1),RÕO GUAYALEJO 3,,,GOLFO NORTE,TAMAULIPAS,XICOT…NCATL,EMILIO PORTES GIL(SAN LORENZO),L…NTICO (HUMEDAL),PRESA,22.95243,-98.81052
OCGNO3588,PRESA VENUSTIANO CARRANZA 3,RÕO GUAYALEJO 3,,,GOLFO NORTE,TAMAULIPAS,GONZ¡LEZ,PRESA VENUSTIANO CARRANZA,L…NTICO (HUMEDAL),PRESA,22.91146,-98.72263
OCGNO3589,PRESA ATEMOZTLI,RÕO GUAYALEJO 4,,,GOLFO NORTE,TAMAULIPAS,GONZ¡LEZ,PRESA ATEMOZTLI,L…NTICO,PRESA,22.82929,-98.65476
OCGNO3590,"RIO GUAYALEJO HIDROMETRICA, MAGISCATZIN",RÕO GUAYALEJO 4,,,GOLFO NORTE,TAMAULIPAS,GONZ¡LEZ,RIO GUAYALEJO,L”TICO,RÕO,22.79703,-98.71233
OCGNO3591,"POZO 140 DIAZ ORDAZ ""PREDIO SANTA BARBARA""",,2811,LLERA-XICOTENCATL,GOLFO NORTE,TAMAULIPAS,GONZ¡LEZ,ACUÕFERO LLERA-XICOTENCATL,SUBTERR¡NEO,POZO,22.70351,-98.72022
OCGNO3592,PRESA ESTUDIANTE RAMIRO CABALLERO DORANTES (ANIMAS 4),RÕO GUAYALEJO 4,,,GOLFO NORTE,TAMAULIPAS,GONZ¡LEZ,PRESA ESTUDIANTE RAMIRO CABALLERO DORANTES (ANIMAS),L…NTICO,PRESA,22.69454,-98.75703
OCGNO3593,PRESA ESTUDIANTE RAMIRO CABALLERO DORANTES (ANIMAS) 3,RÕO GUAYALEJO 4,,,GOLFO NORTE,TAMAULIPAS,GONZ¡LEZ,PRESA ESTUDIANTE RAMIRO CABALLERO DORANTES (ANIMAS),L…NTICO,PRESA,22.64607,-98.72749
OCGNO3594,PRESA ESTUDIANTE RAMIRO CABALLERO DORANTES (ANIMAS) 2,RÕO GUAYALEJO 4,,,GOLFO NORTE,TAMAULIPAS,EL MANTE,PRESA ESTUDIANTE RAMIRO CABALLERO DORANTES (ANIMAS),L…NTICO,PRESA,22.61968,-98.7227
OCGNO3595,PRESA ESTUDIANTE RAMIRO CABALLERO DORANTES (ANIMAS) 1,RÕO GUAYALEJO 4,,,GOLFO NORTE,TAMAULIPAS,EL MANTE,PRESA ESTUDIANTE RAMIRO CABALLERO DORANTES (ANIMAS),L…NTICO,PRESA,22.59952,-98.69494
OCGNO3596,"RIO TAMESI, TANTOYUQUITA",RÕO GUAYALEJO 4,,,GOLFO NORTE,TAMAULIPAS,EL MANTE,RIO TAMESI,L”TICO,RÕO,22.54772778,-98.5529
OCGNO3596M1,RIO CORONA 600 METROS  AGUAS ARRIBA DE LA CONFLUENCIA CON RIO SAN FELIPE,RÕO CORONA,,,GOLFO NORTE,TAMAULIPAS,G‹…MEZ,RIO CORONA,L”TICO,RÕO,23.94727,-98.980793
OCGNO3597,RIO TAMESI HIDROMETRICA TAMESI,RÕO TAMESÕ,,,GOLFO NORTE,TAMAULIPAS,GONZ¡LEZ,RIO TAMESI,L”TICO,RÕO,22.41368,-98.42213
OCGNO3598,EL JOPOY,RÕO TAMESÕ,,,GOLFO NORTE,TAMAULIPAS,GONZ¡LEZ,RIO TAMESI,L”TICO,RÕO,22.391297,-98.31764
OCGNO3602,BOCATOMA ALTAMIRA,RÕO TAMESÕ,,,GOLFO NORTE,TAMAULIPAS,ALTAMIRA,LAGUNA DE CHAMPAYAN,L…NTICO (HUMEDAL),LAGO,22.386974,-97.937868
OCGNO3603,LAGUNA DE CHAMPAYAN COMAPA DIMA,RÕO TAMESÕ,,,GOLFO NORTE,TAMAULIPAS,ALTAMIRA,LAGUNA DE CHAMPAYAN,L…NTICO (HUMEDAL),LAGO,22.385757,-97.927357
OCGNO3604,"LAGUNA DE LA PUERTA, BOCATOMA",RÕO TAMESÕ,,,GOLFO NORTE,TAMAULIPAS,TAMPICO,LAGUNA DE LA PUERTA,L…NTICO,LAGO,22.31791,-97.90302
OCGNO3605,"LAGUNA DE CHAMPAYAN, COMAPA TANCOL",RÕO TAMESÕ,,,GOLFO NORTE,TAMAULIPAS,TAMPICO,LAGUNA DE CHAMPAYAN,L…NTICO,LAGO,22.2985,-97.9037
OCGNO3626,GOLFO DE MEXICO 1,LAGUNA LAS MARISMAS,,,GOLFO NORTE,TAMAULIPAS,ALTAMIRA,GOLFO DE MEXICO,COSTERO,OC…ANO-MAR,22.3717,-97.83534
OCGNO3636,POZO 194 LOS GENERALES O ROSENDO AVILA,,2811,LLERA-XICOTENCATL,GOLFO NORTE,TAMAULIPAS,EL MANTE,ACUÕFERO LLERA-XICOTENCATL,SUBTERR¡NEO,POZO,22.39059,-98.82112
OCGNO3637,PRESA BERNARDO GUTIERREZ DE LARA,RÕO COMANDANTE 1,,,GOLFO NORTE,TAMAULIPAS,ANTIGUO MORELOS,PRESA BERNARDO GUTIERREZ DE LARA,L…NTICO,PRESA,22.53206,-99.06952
OCGNO3637M1,RIO TAMESI CANAL CUEZ,RÕO TAMESÕ,,,GOLFO NORTE,TAMAULIPAS,ALTAMIRA,RIO TAMESI,L”TICO,RÕO,22.37683,-98.09639
OCGNO3638,RIO NACIMIENTO AHUALULCO,RÕO MANTE,,,GOLFO NORTE,TAMAULIPAS,EL MANTE,RIO NACIMIENTO,L”TICO,RÕO,22.6988,-99.0455
OCGNO3639,RIO MANTE AGUAS ABAJO DE EL MANTE,RÕO GUAYALEJO 3,,,GOLFO NORTE,TAMAULIPAS,EL MANTE,RIO MANTE,L”TICO,RÕO,22.786,-98.9698
OCGNO3640M1,RIO SAN FELIPE 100 METROS AGUAS ARRIBA DE LA CONFLUENCIA CON EL RIO CORONA,RÕO CORONA,,,GOLFO NORTE,TAMAULIPAS,G‹…MEZ,RIO SAN FELIPE,L”TICO,RÕO,23.944011,-98.977298
OCGNO3641,"RIO GUAYALEJO, 100 METROS AGUAS ABAJO CONFLUENCIA CON EL RIO MANTE",RÕO GUAYALEJO 3,,,GOLFO NORTE,TAMAULIPAS,EL MANTE,RIO GUAYALEJO,L”TICO,RÕO,22.8043,-98.9481
OCGNO3642,RIO GUAYALEJO COMUNIDAD TANCHIPA,RÕO GUAYALEJO 3,,,GOLFO NORTE,TAMAULIPAS,EL MANTE,RIO GUAYALEJO,L”TICO,RÕO,22.82082,-98.96873
OCGNO3643,POZO 112 CASA HOGAR MAMA PAULITA,,2811,LLERA-XICOTENCATL,GOLFO NORTE,TAMAULIPAS,EL MANTE,ACUÕFERO LLERA-XICOTENCATL,SUBTERR¡NEO,POZO,22.81973,-99.01105
OCGNO3644,HIDROMETRICA RIO FRIO,RÕO COMANDANTE 2,,,GOLFO NORTE,TAMAULIPAS,G”MEZ FARÕAS,RIO FRIO,L”TICO,RÕO,22.84305,-99.0262
OCGNO3645,RIO COMANDANTE LA SERVILLETA,RÕO COMANDANTE 2,,,GOLFO NORTE,TAMAULIPAS,G”MEZ FARÕAS,RIO COMANDANTE,L”TICO,RÕO,22.854,-99.1211
OCGNO3646,RIO GUAYALEJO DERIVADORA SACA DE AGUA,RÕO GUAYALEJO 3,,,GOLFO NORTE,TAMAULIPAS,GONZ¡LEZ,RIO GUAYALEJO,L”TICO,RÕO,22.7835,-98.8704
OCGNO3647,PLAN DE GUADALUPE,RÕO GUAYALEJO 3,,,GOLFO NORTE,TAMAULIPAS,GONZ¡LEZ,RIO GUAYALEJO,L”TICO,RÕO,22.8019,-98.83494
OCGNO3648,POZO 147 EJIDO SAN PEDRO,,2811,LLERA-XICOTENCATL,GOLFO NORTE,TAMAULIPAS,GONZ¡LEZ,ACUÕFERO LLERA-XICOTENCATL,SUBTERR¡NEO,POZO,22.6609,-98.85201
OCGNO3649,RIO GUAYALEJO DERIVADORA SAN GABRIEL,RÕO GUAYALEJO 3,,,GOLFO NORTE,TAMAULIPAS,XICOT…NCATL,RIO GUAYALEJO,L”TICO,RÕO,23.06224,-98.78972
OCGNO3650,POZO 31A MIGUEL,,2811,LLERA-XICOTENCATL,GOLFO NORTE,TAMAULIPAS,LLERA,ACUÕFERO LLERA-XICOTENCATL,SUBTERR¡NEO,POZO,23.20116,-98.81782
OCGNO3651,POZO 58A EJIDO LA MORITA,,2811,LLERA-XICOTENCATL,GOLFO NORTE,TAMAULIPAS,LLERA,ACUÕFERO LLERA-XICOTENCATL,SUBTERR¡NEO,POZO,23.09844,-98.529
OCGNO3652,POZO 117A COMAPA GONZALEZ,,2811,LLERA-XICOTENCATL,GOLFO NORTE,TAMAULIPAS,GONZ¡LEZ,ACUÕFERO LLERA-XICOTENCATL,SUBTERR¡NEO,POZO,22.81269,-98.42944
OCGNO3653,ESTERO LA TUNA,RÕO TAMESÕ,,,GOLFO NORTE,TAMAULIPAS,ALTAMIRA,ESTERO LA TUNA,L”TICO,ESTERO,22.50816,-98.14115
OCGNO3654,MATA DEL ABRA,RÕO TAMESÕ,,,GOLFO NORTE,TAMAULIPAS,ALTAMIRA,LAGUNA DE CHAMPAYAN,L…NTICO (HUMEDAL),LAGO,22.43885,-98.12788
OCGNO3666,"GOLFO DE MEXICO, 4 KM ADENTRO BOCA RIO PANUCO MADERO",RÕO P¡NUCO 2,,,GOLFO NORTE,TAMAULIPAS,CIUDAD MADERO,GOLFO DE MEXICO,COSTERO,OC…ANO-MAR,22.27321,-97.73496
OCGNO3667,GOLFO DE MEXICO BARRA DEL TORDO,RÕO SAN RAFAEL 3,,,GOLFO NORTE,TAMAULIPAS,ALDAMA,GOLFO DE MEXICO,COSTERO,OC…ANO-MAR,23.02435,-97.76052
OCGNO3668,BARRA DEL TORDO,RÕO SAN RAFAEL 3,,,GOLFO NORTE,TAMAULIPAS,ALDAMA,RIO CARRIZAL,L”TICO - COSTERO,ESTUARIO,23.065,-97.8211
OCGNO3669,LAGUNA LA ESCONDIDA,RÕO TAMESÕ,,,GOLFO NORTE,TAMAULIPAS,TAMPICO,LAGUNA LA ESCONDIDA,L…NTICO (HUMEDAL),LAGO,22.30731,-97.92966
OCGNO3670,GOLFO DE MEXICO RANCHO NUEVO,BARRA DE SAN VICENTE,,,GOLFO NORTE,TAMAULIPAS,ALDAMA,GOLFO DE MEXICO,COSTERO (HUMEDAL),OC…ANO-MAR,23.1825,-97.76701
OCGNO3671,PLAYA TORTUGUERA RANCHO NUEVO 2,BARRA DE SAN VICENTE,,,GOLFO NORTE,TAMAULIPAS,ALDAMA,BARRA LA COMA,COSTERO (HUMEDAL),OC…ANO-MAR,23.18544,-97.76939
OCGNO3672,PLAYA TORTUGUERA RANCHO NUEVO 3,BARRA DE SAN VICENTE,,,GOLFO NORTE,TAMAULIPAS,ALDAMA,BARRA CALABAZAS,COSTERO (HUMEDAL),LAGUNA,23.22944,-97.76881
OCGNO3673,LAGUNA MADRE 1,ARROYOS CALANCHE-VENADOS,,,GOLFO NORTE,TAMAULIPAS,SOTO LA MARINA,LAGUNA MADRE,COSTERO (HUMEDAL),LAGUNA,24.27898,-97.71938
OCGNO3674,LAGUNA MADRE 2,ARROYOS CHAPOTE-TEMASCAL,,,GOLFO NORTE,TAMAULIPAS,SAN FERNANDO,LAGUNA MADRE,COSTERO (HUMEDAL),LAGUNA,24.44661667,-97.82717222
OCGNO3675,BOCA CATAN,ARROYOS CHAPOTE-TEMASCAL,,,GOLFO NORTE,TAMAULIPAS,SOTO LA MARINA,LAGUNA MADRE,COSTERO (HUMEDAL),LAGUNA,24.477379,-97.68905
OCGNO3676,GOLFO DE MEXICO LAGUNA MADRE,ARROYOS CHAPOTE-TEMASCAL,,,GOLFO NORTE,TAMAULIPAS,SOTO LA MARINA,GOLFO DE MEXICO,COSTERO,OC…ANO-MAR,24.475,-97.680556
OCGNO3677,LAGUNA MADRE HUMEDAL 1,BARRA JES⁄S MARÕA,,,GOLFO NORTE,TAMAULIPAS,SAN FERNANDO,LAGUNA MADRE,COSTERO (HUMEDAL),LAGUNA,24.678053,-97.686215
OCGNO3678,LAGUNA MADRE 4,BARRA JES⁄S MARÕA,,,GOLFO NORTE,TAMAULIPAS,SAN FERNANDO,LAGUNA MADRE,COSTERO (HUMEDAL),LAGUNA,24.73202,-97.66665
OCGNO5335,EJ. EL MOQUETITO,,2802,MENDEZ-SAN FERNANDO,GOLFO NORTE,TAMAULIPAS,M…NDEZ,ACUÕFERO MENDEZ-SAN FERNANDO,SUBTERR¡NEO,POZO,25.27113889,-98.21022222
OCGNO5337,EJ. MIGUEL HIDALGO,,2802,MENDEZ-SAN FERNANDO,GOLFO NORTE,TAMAULIPAS,SAN FERNANDO,ACUÕFERO MENDEZ-SAN FERNANDO,SUBTERR¡NEO,POZO,24.94327778,-98.10555556
OCGNO5338,EJ- LAZARO CARDENAS,,2802,MENDEZ-SAN FERNANDO,GOLFO NORTE,TAMAULIPAS,BURGOS,ACUÕFERO MENDEZ-SAN FERNANDO,SUBTERR¡NEO,POZO,24.86897222,-98.64036111
OCGNO5339,RANCHO LA UNION,,2802,MENDEZ-SAN FERNANDO,GOLFO NORTE,TAMAULIPAS,CRUILLAS,ACUÕFERO MENDEZ-SAN FERNANDO,SUBTERR¡NEO,POZO,24.5745,-98.30641667
OCGNO5524,"CANAL DE LA CORTADURA, ZONA CENTRO DE TAMPICO",RÕO P¡NUCO 2,,,GOLFO NORTE,TAMAULIPAS,TAMPICO,CANAL DE LA CORTADURA,L”TICO - COSTERO,CANAL,22.21661,-97.851643
OCGNO6324,NORIA SAN NICOLAS,,2804,SAN CARLOS,GOLFO NORTE,TAMAULIPAS,SAN NICOL¡S,ACUÕFERO SAN CARLOS,SUBTERR¡NEO,POZO,24.69355556,-98.83072222
OCGNO6325,POZO 83 EJIDO LAURO VILLAR,,2804,SAN CARLOS,GOLFO NORTE,TAMAULIPAS,SAN NICOL¡S,ACUÕFERO SAN CARLOS,SUBTERR¡NEO,POZO,24.61156667,-98.81944167
OCGNO6327,POZO 30 EJIDO ALFREDO V. BONFIL,,2802,MENDEZ-SAN FERNANDO,GOLFO NORTE,TAMAULIPAS,SAN FERNANDO ,ACUÕFERO MENDEZ- SAN FERNANDO,SUBTERR¡NEO,POZO,25.2005,-97.96877778
OCGNO6328,POZO 34 EL CANELO,,2802,MENDEZ-SAN FERNANDO,GOLFO NORTE,TAMAULIPAS,SAN FERNANDO ,ACUÕFERO MENDEZ- SAN FERNANDO,SUBTERR¡NEO,POZO,25.16947222,-97.98963889
OCGNO6329,POZO 36 EJIDO 20 DE NOVIEMBRE,,2802,MENDEZ-SAN FERNANDO,GOLFO NORTE,TAMAULIPAS,SAN FERNANDO ,ACUÕFERO MENDEZ- SAN FERNANDO,SUBTERR¡NEO,POZO,25.14002778,-98.15455556
OCGNO6330,POZO 46 EJIDO AGUILA AZTECA,,2802,MENDEZ-SAN FERNANDO,GOLFO NORTE,TAMAULIPAS,SAN FERNANDO ,ACUÕFERO MENDEZ- SAN FERNANDO,SUBTERR¡NEO,POZO,25.09402778,-98.11147222
OCGNO6331,POZO 48 AMPLIACION SAN GERMAN,,2802,MENDEZ-SAN FERNANDO,GOLFO NORTE,TAMAULIPAS,SAN FERNANDO ,ACUÕFERO MENDEZ- SAN FERNANDO,SUBTERR¡NEO,POZO,25.09408333,-98.05344444
OCGNO6332,POZO 67 EJIDO FRANCISCO VILLA,,2802,MENDEZ-SAN FERNANDO,GOLFO NORTE,TAMAULIPAS,SAN FERNANDO ,ACUÕFERO MENDEZ- SAN FERNANDO,SUBTERR¡NEO,POZO,25.01583333,-98.07663889
OCGNO6333,POZO 123 COMAPA,,2802,MENDEZ-SAN FERNANDO,GOLFO NORTE,TAMAULIPAS,CRUILLAS,ACUÕFERO MENDEZ- SAN FERNANDO,SUBTERR¡NEO,POZO,24.7575,-98.544
OCGNO6334,POZO 154 ELBA AGUIRRE,,2802,MENDEZ-SAN FERNANDO,GOLFO NORTE,TAMAULIPAS,CRUILLAS,ACUÕFERO MENDEZ- SAN FERNANDO,SUBTERR¡NEO,POZO,24.64433333,-98.40783333
OCGNO6335,POZO 47 EJIDO EL SAUCILLO,,2804,SAN CARLOS,GOLFO NORTE,TAMAULIPAS,SAN CARLOS,ACUÕFERO SAN CARLOS,SUBTERR¡NEO,POZO,24.50295,-99.15277
OCGNO6336,POZO 48 EJIDO EL SAUCILLO,,2804,SAN CARLOS,GOLFO NORTE,TAMAULIPAS,SAN CARLOS,ACUÕFERO SAN CARLOS,SUBTERR¡NEO,POZO,24.50434,-99.15388
OCGNO6339,POZO 61 A SAN CARLOS,,2804,SAN CARLOS,GOLFO NORTE,TAMAULIPAS,SAN CARLOS,ACUÕFERO SAN CARLOS,SUBTERR¡NEO,POZO,24.5745,-98.94771
OCGNO6345,NORIA EJ. EL GAVILAN,,2804,SAN CARLOS,GOLFO NORTE,TAMAULIPAS,SAN CARLOS,ACUÕFERO SAN CARLOS,SUBTERR¡NEO,POZO,24.70319,-98.98661
OCGNO6346,POZO 74 EJIDO LAS VIRGENES,,2804,SAN CARLOS,GOLFO NORTE,TAMAULIPAS,SAN NICOL¡S,ACUÕFERO SAN CARLOS,SUBTERR¡NEO,POZO,24.72963,-98.89055
OCGNO6347,POZO 74A EJIDO LAS VIRGENES,,2804,SAN CARLOS,GOLFO NORTE,TAMAULIPAS,SAN NICOL¡S,ACUÕFERO SAN CARLOS,SUBTERR¡NEO,POZO,24.72774,-98.89016
OCGNO6348,POZO 77 EJIDO EL PALMAR,,2804,SAN CARLOS,GOLFO NORTE,TAMAULIPAS,SAN NICOL¡S,ACUÕFERO SAN CARLOS,SUBTERR¡NEO,POZO,24.72657,-98.86805
OCGNO6350,POZO 77B EJIDO EL PALMAR,,2804,SAN CARLOS,GOLFO NORTE,TAMAULIPAS,SAN NICOL¡S,ACUÕFERO SAN CARLOS,SUBTERR¡NEO,POZO,24.71682,-98.86617
OCGNO6351,ALEJANDRO BARBA,,2806,MARGENES DEL RIO PURIFICACION,GOLFO NORTE,TAMAULIPAS,PADILLA,ACUÕFERO MARGENES DEL RIO PURIFICACION,SUBTERR¡NEO,POZO,24.073094,-98.907569
OCGNO6353,ANGELICA HUERTA,,2806,MARGENES DEL RIO PURIFICACION,GOLFO NORTE,TAMAULIPAS,GUEMEZ,ACUÕFERO MARGENES DEL RIO PURIFICACION,SUBTERR¡NEO,POZO,24.071267,-99.122339
OCGNO6354,218,,2806,MARGENES DEL RIO PURIFICACION,GOLFO NORTE,TAMAULIPAS,GUEMEZ,ACUÕFERO MARGENES DEL RIO PURIFICACION,SUBTERR¡NEO,POZO,24.064444,-99.138889
OCGNO6355,156,,2806,MARGENES DEL RIO PURIFICACION,GOLFO NORTE,TAMAULIPAS,PADILLA,ACUÕFERO MARGENES DEL RIO PURIFICACION,SUBTERR¡NEO,POZO,24.112667,-99.119194
OCGNO6356,119,,2806,MARGENES DEL RIO PURIFICACION,GOLFO NORTE,TAMAULIPAS,GUEMEZ,ACUÕFERO MARGENES DEL RIO PURIFICACION ,SUBTERR¡NEO,POZO,24.059444,-99.110556
OCGNO6357,NORIA USO AGRICOLA.,,2806,MARGENES DEL RIO PURIFICACION,GOLFO NORTE,TAMAULIPAS,PADILLA,ACUÕFERO MARGENES DEL RIO PURIFICACION ,SUBTERR¡NEO,POZO,24.092414,-99.039628
OCGNO6359,NORIA USO AGRICOLA,,2806,MARGENES DEL RIO PURIFICACION,GOLFO NORTE,TAMAULIPAS,PADILLA,ACUÕFERO MARGENES DEL RIO PURIFICACION,SUBTERR¡NEO,POZO,24.117192,-99.074753
OCGNO6364,EJ. EL SAUZ,,2803,HIDALGO-VILLAGRAN,GOLFO NORTE,TAMAULIPAS,HIDALGO,ACUÕFERO HIDALGO-VILLAGRAN,SUBTERR¡NEO,POZO,24.156942,-99.206381
OCGNO6365,RANCHO GANADERO,,2807,VICTORIA-GUEMEZ,GOLFO NORTE,TAMAULIPAS,GUEMEZ,ACUÕFERO VICTORIA-GUEMEZ,SUBTERR¡NEO,POZO,24.062611,-99.182333
OCGNO6370,NORIA ATRAS SECUNDARIA TECNICA,,2806,MARGENES DEL RIO PURIFICACION,GOLFO NORTE,TAMAULIPAS,PADILLA,ACUÕFERO MARGENES DEL RIO PURIFICACION,SUBTERR¡NEO,POZO,24.086894,-99.123631
OCGNO6371,RAQNCHO LA QUERIDA,,2806,MARGENES DEL RIO PURIFICACION,GOLFO NORTE,TAMAULIPAS,PADILLA,ACUÕFERO MARGENES DEL RIO PURIFICACION,SUBTERR¡NEO,POZO,24.058708,-98.967392
OCGNO6372,RANCHO BUENOS AIRES,,2806,MARGENES DEL RIO PURIFICACION,GOLFO NORTE,TAMAULIPAS,GUEMEZ,ACUÕFERO MARGENES DEL RIO PURIFICACION ,SUBTERR¡NEO,POZO,24.065031,-99.096375
OCGNO6527,POZO CONDORSITA N. 1,,2814,TULA-BUSTAMANTE,GOLFO NORTE,TAMAULIPAS,TULA,ACUÕFERO TULA-BUSTAMANTE,SUBTERR¡NEO,POZO,22.95678,-99.70181
OCRBR5110M1,CANAL ANZALDUAS (COLONIA AGRICOLA MARIO SOUZA),RÕO BRAVO 13,,,RÕO BRAVO,TAMAULIPAS,RÕO BRAVO,CANAL ANZALDUAS,L”TICO,CANAL,25.651572,-98.03159
OCRBR5111M1,PUENTE INTERNACIONAL VIEJO MATAMOROS.,RÕO BRAVO 13,,,RÕO BRAVO,TAMAULIPAS,MATAMOROS,RIO BRAVO,L”TICO (HUMEDAL),RÕO,25.88574,-97.51863
OCRBR5112M1,DESEMBOCADURA RIO BRAVO,RÕO BRAVO 13,,,RÕO BRAVO,TAMAULIPAS,MATAMOROS,DESEMBOCADURA RIO BRAVO,L”TICO - COSTERO,OC…ANO-MAR,25.95536,-97.14732
OCRBR5113M1,PLAYA BAGDAD 1,RÕO BRAVO 13,,,RÕO BRAVO,TAMAULIPAS,MATAMOROS,PLAYA BAGDAD 1,COSTERO (HUMEDAL),OC…ANO-MAR,25.89678,-97.14467
OCRBR5114M1,PLAYA BAGDAD 2,RÕO BRAVO 13,,,RÕO BRAVO,TAMAULIPAS,MATAMOROS,PLAYA BAGDAD 2,COSTERO (HUMEDAL),OC…ANO-MAR,25.82686,-97.151
OCRBR5115M1,PLAYA BAGDAD 3,RÕO BRAVO 13,,,RÕO BRAVO,TAMAULIPAS,MATAMOROS,PLAYA BAGDAD 3,COSTERO (HUMEDAL),OC…ANO-MAR,25.76534,-97.16116
OCRBR5116M1,PLAYA BAGDAD 4,RÕO BRAVO 13,,,RÕO BRAVO,TAMAULIPAS,MATAMOROS,PLAYA BAGDAD 4,COSTERO,OC…ANO-MAR,25.68453,-97.18031
OCRBR5117M1,LAGUNA MADRE HUMEDAL 4,LAGUNA MADRE NORTE,,,RÕO BRAVO,TAMAULIPAS,MATAMOROS,LAGUNA MADRE,COSTERO (HUMEDAL),LAGUNA,25.27083,-97.60047
OCRBR5118M1,LAGUNA MADRE HUMEDAL 5,LAGUNA MADRE NORTE,,,RÕO BRAVO,TAMAULIPAS,MATAMOROS,LAGUNA MADRE,COSTERO (HUMEDAL),LAGUNA,25.29823,-97.6513
OCRBR5119M1,LAGUNA MADRE HUMEDAL 6,LAGUNA MADRE NORTE,,,RÕO BRAVO,TAMAULIPAS,MATAMOROS,LAGUNA MADRE,COSTERO (HUMEDAL),LAGUNA,25.33337,-97.46439
OCRBR5120M1,LAGUNA MADRE HUMEDAL 7,LAGUNA MADRE NORTE,,,RÕO BRAVO,TAMAULIPAS,MATAMOROS,LAGUNA MADRE,COSTERO (HUMEDAL),LAGUNA,25.24516,-97.47659
OCRBR5121M1,DESEMBOCADURA LAGUNA MADRE,LAGUNA MADRE NORTE,,,RÕO BRAVO,TAMAULIPAS,MATAMOROS,GOLFO DE MEXICO,L”TICO - COSTERO,OC…ANO-MAR,25.23443,-97.42351
OCRBR5122M1,AGUAS ABAJO DE PUENTE INTERNACIONAL NUEVO PROGRESO,RÕO BRAVO 13,,,RÕO BRAVO,TAMAULIPAS,RÕO BRAVO,RIO BRAVO,L”TICO,RÕO,26.0548,-97.93943
OCRBR5123M1W1,REPRESA EL RETAMAL,RÕO BRAVO 13,,,RÕO BRAVO,TAMAULIPAS,RÕO BRAVO,PE. DERIV. EL RETAMAL,L”TICO,RÕO,26.05301,-98.03412
OCRBR5124M1,CANAL EL CULEBRON PUENTE CARRETERO,RÕO BRAVO 13,,,RÕO BRAVO,TAMAULIPAS,RÕO BRAVO,CANAL EL CULEBRON,L”TICO,CANAL,26.02665,-98.02763
OCRBR5125M1,DREN AGRICOLA RIO BRAVO,RÕO BRAVO 13,,,RÕO BRAVO,TAMAULIPAS,RÕO BRAVO,DREN RIO BRAVO,L”TICO,DREN,26.01246,-98.05768
OCRBR5126M1,PUENTE CARRETERO-109 (BRECHA),RÕO BRAVO 13,,,RÕO BRAVO,TAMAULIPAS,RÕO BRAVO,CANAL ANZALDUAS,L”TICO,CANAL,25.98221,-98.11823
OCRBR5127M1,RIO BRAVO 1,RÕO BRAVO 13,,,RÕO BRAVO,TAMAULIPAS,RÕO BRAVO,RIO BRAVO,L”TICO,RÕO,26.06162,-98.12564
OCRBR5128M1,CANAL GUILLERMO RODHE 1,RÕO BRAVO 13,,,RÕO BRAVO,TAMAULIPAS,REYNOSA,CANAL GUILLERMO RODHE,L”TICO,CANAL,26.02418,-98.24603
OCRBR5129M1,RIO BRAVO 2,RÕO BRAVO 13,,,RÕO BRAVO,TAMAULIPAS,REYNOSA,RIO BRAVO,L”TICO,RÕO,26.077,-98.22753
OCRBR5130M1,CANAL DE SALIDA DE LA LAGUNA LA ESCONDIDA EN SU CRUCE CON LA AV.ZAPOTECA,RÕO BRAVO 13,,,RÕO BRAVO,TAMAULIPAS,REYNOSA,CANAL DE SALIDA LA LAGUNA LA ESCONDIDA,L”TICO,CANAL,26.05747,-98.26096
OCRBR5131M1,AGUAS ABAJO DEL PUENTE INTERNACIONAL REYNOSA,RÕO BRAVO 13,,,RÕO BRAVO,TAMAULIPAS,REYNOSA,RIO BRAVO,L”TICO,RÕO,26.08537,-98.26489
OCRBR5132M1,RIO BRAVO AGUAS ARRIBA PUENTE INTERNACIONAL REYNOSA,RÕO BRAVO 13,,,RÕO BRAVO,TAMAULIPAS,REYNOSA,RIO BRAVO,L”TICO,RÕO,26.10243,-98.28634
OCRBR5133M1,CANAL ANZALDUAS PUENTE PALO BLANCO,RÕO BRAVO 13,,,RÕO BRAVO,TAMAULIPAS,REYNOSA,CANAL ANZALDUAS,L”TICO,CANAL,26.003878,-98.1651
OCRBR5134M1,RIO BRAVO 3,RÕO BRAVO 13,,,RÕO BRAVO,TAMAULIPAS,REYNOSA,RIO BRAVO,L”TICO,RÕO,26.13132,-98.3315
OCRBR5135M1,REPREZA ANZALDUAS,RÕO BRAVO 13,,,RÕO BRAVO,TAMAULIPAS,REYNOSA,PRESA ANZALDUAS,L…NTICO,PRESA,26.13853,-98.33649
OCRBR5136M1,RIO BRAVO 4 (AL NORESTE DE GUSTAVO DIAZ ORDAZ),RÕO BRAVO 12,,,RÕO BRAVO,TAMAULIPAS,GUSTAVO DÕAZ ORDAZ,RIO BRAVO,L”TICO,RÕO,26.23933,-98.56545
OCRBR5137M1,CANAL GUILLERMO RODHE 2,RÕO BRAVO 12,,,RÕO BRAVO,TAMAULIPAS,CAMARGO,CANAL GUILLERMO RODHE,L”TICO,CANAL,26.25275,-98.74811
OCRBR5137M2,DREN REYNOSA PONIENTE (LAS MUJERES) ANTES DE LA CONFLUENCIA CON CANAL ANZALDUAS,RÕO BRAVO 13,,,RÕO BRAVO,TAMAULIPAS,REYNOSA,DREN REYNOSA PONIENTE,L”TICO,DREN,26.08911,-98.29289
OCRBR5138M1,PUENTE RIO SAN JUAN,RÕO SAN JUAN 3,,,RÕO BRAVO,TAMAULIPAS,CAMARGO,RIO SAN JUAN,L”TICO,RÕO,26.30753,-98.84023
OCRBR5139M1,PUENTE INTERNACIONAL CAMARGO,RÕO BRAVO 12,,,RÕO BRAVO,TAMAULIPAS,CAMARGO,RIO BRAVO,L”TICO,RÕO,26.36699,-98.80808
OCRBR5139M2,LAGUNA LA ESCONDIDA FRENTE A COLONIA LAZARO CARDENAS,RÕO BRAVO 13,,,RÕO BRAVO,TAMAULIPAS,REYNOSA,LAGUNA LA ESCONDIDA,L…NTICO,LAGUNA,26.0476,-98.27589
OCRBR5140M1,RIO BRAVO (AGUAS ABAJO DREN RANCHERIAS),RÕO BRAVO 12,,,RÕO BRAVO,TAMAULIPAS,CAMARGO,RIO BRAVO,L”TICO,RÕO,26.35357,-98.895
OCRBR5141M1,DREN RANCHERIAS,RÕO BRAVO 12,,,RÕO BRAVO,TAMAULIPAS,CAMARGO,DREN RANCHERIAS,L”TICO,DREN,26.35335,-98.93944
OCRBR5142M1,RIO BRAVO 6 (FRENTE AL POBLADO LOS ANGELES),RÕO BRAVO 12,,,RÕO BRAVO,TAMAULIPAS,MIGUEL ALEM¡N,RIO BRAVO,L”TICO,RÕO,26.39261,-99.00192
OCRBR5145M1,ARCABUZ,RÕO SAN JUAN 3,,,RÕO BRAVO,TAMAULIPAS,MIGUEL ALEM¡N,RIO SAN JUAN,L”TICO,RÕO,26.06914,-99.12924
OCRBR5146M1,RIO SAN JUAN ENTRADA A LA PRESA MARTE R. GOMEZ,RÕO SAN JUAN 3,,,RÕO BRAVO,TAMAULIPAS,MIGUEL ALEM¡N,RIO SAN JUAN,L”TICO,RÕO,26.10081,-99.02262
OCRBR5149M1,RIO BRAVO AGUAS ABAJO CONGREGACION VALADESEZ,RÕO BRAVO 12,,,RÕO BRAVO,TAMAULIPAS,GUSTAVO DÕAZ ORDAZ,RIO BRAVO,L”TICO,RÕO,26.23496,-98.66417
OCRBR5149M2,LAGUNA LA ESCONDIDA (ENTRADA),RÕO BRAVO 13,,,RÕO BRAVO,TAMAULIPAS,REYNOSA,LAGUNA LA ESCONDIDA,L…NTICO,LAGUNA,26.04574,-98.28476
OCRBR5182M1,RIO SAN JUAN / PRESA MARTE R. GOMEZ,RÕO SAN JUAN 3,,,RÕO BRAVO,TAMAULIPAS,MIGUEL ALEM¡N,PRESA MARTE R. GOMEZ,L…NTICO,PRESA,26.13699,-99.01465
OCRBR5183M1,"SITIO 1, CANAL DE LLAMADA TOMA NORTE MUESTRA SUPERFICIAL",RÕO SAN JUAN 3,,,RÕO BRAVO,TAMAULIPAS,MIGUEL ALEM¡N,PRESA MARTE R. GOMEZ,L…NTICO (HUMEDAL),PRESA,26.28583,-98.95864
OCRBR5184M1,"SITIO 1, CANAL DE LLAMADA TOMA NORTE MUESTRA A PROFUNDIDAD",RÕO SAN JUAN 3,,,RÕO BRAVO,TAMAULIPAS,MIGUEL ALEM¡N,PRESA MARTE R. GOMEZ,L…NTICO (HUMEDAL),PRESA,26.28583,-98.95864
OCRBR5185M1,"SITIO 2, MUESTRA SUPERFICIAL",RÕO SAN JUAN 3,,,RÕO BRAVO,TAMAULIPAS,CAMARGO,PRESA MARTE R. GOMEZ,L…NTICO (HUMEDAL),PRESA,26.25507,-98.95383
OCRBR5186M1,"SITIO 2, MUESTRA A PROFUNDIDAD",RÕO SAN JUAN 3,,,RÕO BRAVO,TAMAULIPAS,CAMARGO,PRESA MARTE R. GOMEZ,L…NTICO (HUMEDAL),PRESA,26.25507,-98.95383
OCRBR5187M1,"SITIO 3, MUESTRA SUPERFICAL FRENTE AL CLUB DE PESCA",RÕO SAN JUAN 3,,,RÕO BRAVO,TAMAULIPAS,CAMARGO,PRESA MARTE R. GOMEZ,L…NTICO (HUMEDAL),PRESA,26.24207,-98.93582
OCRBR5188M1,"SITIO 3, MUESTRA A PROFUNDIDAD FRENTE AL CLUB DE PESCA",RÕO SAN JUAN 3,,,RÕO BRAVO,TAMAULIPAS,CAMARGO,PRESA MARTE R. GOMEZ,L…NTICO (HUMEDAL),PRESA,26.24207,-98.93582
OCRBR5189M1,"SITIO 4, MUESTRA SUPERFICIAL",RÕO SAN JUAN 3,,,RÕO BRAVO,TAMAULIPAS,CAMARGO,PRESA MARTE R. GOMEZ,L…NTICO (HUMEDAL),PRESA,26.22353,-98.91481
OCRBR5190M1,"SITIO 4, MUESTRA A PROFUNDIDAD",RÕO SAN JUAN 3,,,RÕO BRAVO,TAMAULIPAS,CAMARGO,PRESA MARTE R. GOMEZ,L…NTICO (HUMEDAL),PRESA,26.22353,-98.91481
OCRBR5191M1,"SITIO 5, CANAL DE LLAMADA TOMA SUR MUESTRA SUPERFICIAL",RÕO SAN JUAN 3,,,RÕO BRAVO,TAMAULIPAS,CAMARGO,PRESA MARTE R. GOMEZ,L…NTICO (HUMEDAL),PRESA,26.19254,-98.92999
OCRBR5192M1,"SITIO 5, CANAL DE LLAMADA TOMA SUR MUESTRA A PROFUNDIDAD",RÕO SAN JUAN 3,,,RÕO BRAVO,TAMAULIPAS,CAMARGO,PRESA MARTE R. GOMEZ,L…NTICO (HUMEDAL),PRESA,26.19254,-98.92999
OCRBR5193M1,PUENTE INTERNACIONAL MIGUEL ALEMAN,RÕO BRAVO 12,,,RÕO BRAVO,TAMAULIPAS,MIGUEL ALEM¡N,RIO BRAVO,L”TICO,RÕO,26.40354,-99.01942
OCRBR5194M1,RIO BRAVO COMUNIDAD LOS GUERRA,RÕO BRAVO 12,,,RÕO BRAVO,TAMAULIPAS,MIGUEL ALEM¡N,RIO BRAVO,L”TICO,RÕO,26.3968,-99.07984
OCRBR5194M2,LAGUNA LA ESCONDIDA AL NORTE DEL CENTRO CULTURAL REYNOSA,RÕO BRAVO 13,,,RÕO BRAVO,TAMAULIPAS,REYNOSA,LAGUNA LA ESCONDIDA,L…NTICO,LAGUNA,26.05497,-98.27113
OCRBR5195M1,RIO ALAMO PUENTE CARRETERO,RÕO ¡LAMO,,,RÕO BRAVO,TAMAULIPAS,MIER,RIO ALAMO,L”TICO,RÕO,26.4512,-99.15277
OCRBR5196M1,100 M AGUAS ABAJO DE LA PRESA FALCON,RÕO BRAVO 12,,,RÕO BRAVO,TAMAULIPAS,GUERRERO,RIO BRAVO,L”TICO,RÕO,26.55448,-99.17006
OCRBR5197M1,PRESA INTERNACIONAL FALCON 1,RÕO BRAVO 11,,,RÕO BRAVO,TAMAULIPAS,GUERRERO,PRESA INTERNACIONAL FALCON,L…NTICO,PRESA,26.87042,-99.31921
OCRBR5198M1,PRESA INTERNACIONAL FALCON 2,RÕO BRAVO 11,,,RÕO BRAVO,TAMAULIPAS,GUERRERO,PRESA INTERNACIONAL FALCON,L…NTICO (HUMEDAL),PRESA,26.85812,-99.31536
OCRBR5199M1,PRESA INTERNACIONAL FALCON 3,RÕO BRAVO 11,,,RÕO BRAVO,TAMAULIPAS,GUERRERO,PRESA INTERNACIONAL FALCON,L…NTICO (HUMEDAL),PRESA,26.81296,-99.26354
OCRBR5200M1,PRESA INTERNACIONAL FALCON 4,RÕO BRAVO 11,,,RÕO BRAVO,TAMAULIPAS,GUERRERO,PRESA INTERNACIONAL FALCON,L…NTICO (HUMEDAL),PRESA,26.76066,-99.25053
OCRBR5201M1,PRESA INTERNACIONAL FALCON 5,RÕO BRAVO 11,,,RÕO BRAVO,TAMAULIPAS,GUERRERO,PRESA INTERNACIONAL FALCON,L…NTICO (HUMEDAL),PRESA,26.60365,-99.24426
OCRBR5202M1,PRESA INTERNACIONAL FALCON 6,RÕO BRAVO 11,,,RÕO BRAVO,TAMAULIPAS,GUERRERO,PRESA INTERNACIONAL FALCON,L…NTICO (HUMEDAL),PRESA,26.61445,-99.24931
OCRBR5203M1,PRESA INTERNACIONAL FALCON 7,RÕO BRAVO 11,,,RÕO BRAVO,TAMAULIPAS,GUERRERO,PRESA INTERNACIONAL FALCON,L…NTICO (HUMEDAL),PRESA,26.58912,-99.2304
OCRBR5204M1,PRESA INTERNACIONAL FALCON 8,RÕO BRAVO 11,,,RÕO BRAVO,TAMAULIPAS,GUERRERO,PRESA INTERNACIONAL FALCON,L…NTICO (HUMEDAL),PRESA,26.71668,-99.21928
OCRBR5205M1,PRESA INTERNACIONAL FALCON 9,RÕO BRAVO 11,,,RÕO BRAVO,TAMAULIPAS,GUERRERO,PRESA INTERNACIONAL FALCON,L…NTICO (HUMEDAL),PRESA,26.56869,-99.19033
OCRBR5206M1,RIO SALADO PUENTE CARRETERO,RÕO BRAVO 11,,,RÕO BRAVO,TAMAULIPAS,GUERRERO,RIO SALADO,L”TICO,RÕO,26.78971,-99.42142
OCRBR5207M1,EL LAGUITO,RÕO BRAVO 11,,,RÕO BRAVO,TAMAULIPAS,NUEVO LAREDO,EL LAGUITO,L…NTICO,LAGO,27.43714,-99.53064
OCRBR5208M1,PUENTE INTERNACIONAL I NUEVO LAREDO,RÕO BRAVO 11,,,RÕO BRAVO,TAMAULIPAS,NUEVO LAREDO,RIO BRAVO,L”TICO,RÕO,27.49901,-99.50727
OCRBR5209M1,RIO BRAVO FRENTE A COMAPA,RÕO BRAVO 10,,,RÕO BRAVO,TAMAULIPAS,NUEVO LAREDO,RIO BRAVO,L”TICO,RÕO,27.49631,-99.52221
OCRBR5210M1,RIO BRAVO 8 (PASO DE LOS INDIOS),RÕO BRAVO 10,,,RÕO BRAVO,TAMAULIPAS,NUEVO LAREDO,RIO BRAVO,L”TICO,RÕO,27.51697,-99.52572
OCRBR5363,"HIELO SARITA LAREDO, S.A. de C.V. 1",,2801,BAJO RIO BRAVO,RÕO BRAVO,TAMAULIPAS,NUEVO LAREDO,ACUÕFERO BAJO RIO BRAVO,SUBTERR¡NEO,POZO,27.46813889,-99.51847222
OCRBR5364,"HIELO SARITA LAREDO, S.A. de C.V. 2",,2801,BAJO RIO BRAVO,RÕO BRAVO,TAMAULIPAS,NUEVO LAREDO,ACUÕFERO BAJO RIO BRAVO,SUBTERR¡NEO,POZO,27.46769444,-99.51911111
OCGNO0017RNL21,LAGUNA DEL CHAIREL BOCATOMA COMAPA ZONA CONURBADA,RÕO P¡NUCO 2,,,GOLFO NORTE,TAMAULIPAS,TAMPICO,LAGUNA DEL CHAIREL,L…NTICO,LAGO,22.24233414,-97.87918667
OCGNO0018RNL21,ESCLUSA MATA LA MONTEADA DESPU…S DE LA COMPUERTA,RÕO P¡NUCO 2,,,GOLFO NORTE,TAMAULIPAS,TAMPICO,LAGUNA DEL CHAIREL,L…NTICO,LAGO,22.30877857,-97.98297833
OCGNO0019RNL21,ESCLUSA MATA LA MONTEADA ANTES DE LA COMPUERTA,RÕO P¡NUCO 2,,,GOLFO NORTE,TAMAULIPAS,TAMPICO,LAGUNA DEL CHAIREL,L…NTICO,LAGO,22.30877857,-97.98297833
OCGNO0020RNL21,ESTERO CAMALOTE FRENTE FALLA ESCURRIMIENTO,RÕO P¡NUCO 2,,,GOLFO NORTE,TAMAULIPAS,TAMPICO,ESTERO CAMALOTE,L…NTICO,ESTERO,22.31598747,-97.97873203
OCGNO0021RNL21,ESTERO CAMALOTE 150 M ANTES ENTRADA RÕO TAMESÕ,RÕO P¡NUCO 2,,,GOLFO NORTE,TAMAULIPAS,TAMPICO,ESTERO CAMALOTE,L…NTICO,ESTERO,22.32706021,-97.97128211
OCGNO0022RNL21,RÕO TAMESÕ FRENTE ENTRADA ESTERO CAMALOTE,RÕO P¡NUCO 2,,,GOLFO NORTE,TAMAULIPAS,ALTAMIRA,RÕO TAMESÕ,L”TICO,RÕO,22.33308508,-97.96982031
OCGNO0023RNL21,"ESTERO BULL, DIQUE 1",RÕO P¡NUCO 2,,,GOLFO NORTE,TAMAULIPAS,TAMPICO,RÕO TAMESÕ,L”TICO,ESTERO,22.32497192,-97.95829692
OCGNO0024RNL21,"ESTERO BULL, DIQUE AGUA SALADA",RÕO P¡NUCO 2,,,GOLFO NORTE,TAMAULIPAS,TAMPICO,RÕO TAMESÕ,L”TICO,ESTERO,22.32497192,-97.95829692
OCGNO0025RNL21,"RÕO TAMESÕ, BRAZO IZQUIERDO",RÕO P¡NUCO 2,,,GOLFO NORTE,TAMAULIPAS,TAMPICO,RÕO TAMESÕ,L”TICO,RÕO,22.32404444,-97.94895402
OCGNO0026RNL21,"RÕO TAMESÕ, ENTRADA LAGUNA LA ESCONDIDA",RÕO P¡NUCO 2,,,GOLFO NORTE,TAMAULIPAS,TAMPICO,RÕO TAMESÕ,L”TICO,RÕO,22.29557823,-97.94712858
OCGNO0027RNL21,"RÕO TAMESÕ, CRUZ CHICA",RÕO P¡NUCO 2,,,GOLFO NORTE,TAMAULIPAS,TAMPICO,RÕO TAMESÕ,L”TICO,RÕO,22.27822964,-97.92296486
OCGNO0028RNL21,"RÕO TAMESÕ, DIQUE 4",RÕO P¡NUCO 2,,,GOLFO NORTE,TAMAULIPAS,TAMPICO,RÕO TAMESÕ,L”TICO,RÕO,22.25727346,-97.91086868
OCGNO0029RNL21,CANAL AMERICANO 100 M AGUAS ABAJO CON CONFLUENCIA RÕO TAMESÕ,RÕO P¡NUCO 2,,,GOLFO NORTE,TAMAULIPAS,TAMPICO,RÕO TAMESÕ,L”TICO,CANAL,22.26159059,-97.90941841
OCGNO0030RNL21,"CANAL AMERICANO ESCLUSA, LADO DULCE",RÕO P¡NUCO 2,,,GOLFO NORTE,TAMAULIPAS,TAMPICO,RÕO TAMESÕ,L”TICO,CANAL,22.24196745,-97.88893159
OCGNO0001RNL21,"CANAL AMERICANO ESCLUSA, LADO SALADO",RÕO P¡NUCO 2,,,GOLFO NORTE,TAMAULIPAS,TAMPICO,RÕO TAMESÕ,L”TICO,CANAL,22.24196745,-97.88893159
OCGNO0002RNL21,LAGUNA DEL CHAIREL BOCATOMA COMAPA ,RÕO P¡NUCO 2,,,GOLFO NORTE,TAMAULIPAS,TAMPICO,LAGUNA DEL CHAIREL,L…NTICO,LAGO,22.24233414,-97.87918667
OCGNO0003RNL21,LAGUNA DEL CHAIREL FRENTE CLUB REGATAS CORONA ,RÕO P¡NUCO 2,,,GOLFO NORTE,TAMAULIPAS,TAMPICO,LAGUNA DEL CHAIREL,L…NTICO,LAGO,22.24251185,-97.87875831
OCGNO0004RNL21,"CANAL CORONA, SALIDA ",RÕO P¡NUCO 2,,,GOLFO NORTE,TAMAULIPAS,TAMPICO,RÕO TAMESÕ,L”TICO,CANAL,22.2457707,-97.88633988
OCGNO0005RNL21,"CANAL CORONA, ENTRADA ",RÕO P¡NUCO 2,,,GOLFO NORTE,TAMAULIPAS,TAMPICO,RÕO TAMESÕ,L”TICO,CANAL,22.243584,-97.89019968
OCGNO0006RNL21,"LAGUNA DEL CHAIREL, FRENTE COMPUERTAS DEL CANAL AMERICANO",RÕO P¡NUCO 2,,,GOLFO NORTE,TAMAULIPAS,TAMPICO,LAGUNA DEL CHAIREL,L…NTICO,LAGUNA,22.24212239,-97.88913414
OCGNO0007RNL21,RÕO TAMESÕ †FRENTE DIQUE 7 ENTRADA ,RÕO P¡NUCO 2,,,GOLFO NORTE,TAMAULIPAS,TAMPICO,RÕO TAMESÕ,L”TICO,RÕO,22.26175891,-97.91027111
OCGNO0008RNL21,RÕO TAMESÕ †CRUZ CHICA ,RÕO P¡NUCO 2,,,GOLFO NORTE,TAMAULIPAS,TAMPICO,RÕO TAMESÕ,L”TICO,RÕO,22.27852566,-97.922652
OCGNO0009RNL21,"RÕO TAMESÕ, CANAL SAN SEBASTIAN ",RÕO P¡NUCO 2,,,GOLFO NORTE,TAMAULIPAS,TAMPICO,RÕO TAMESÕ,L”TICO,RÕO,22.29554077,-97.94692502
OCGNO0010RNL21,"RÕO TAMESÕ, CRUZ GRANDE †",RÕO P¡NUCO 2,,,GOLFO NORTE,TAMAULIPAS,TAMPICO,RÕO TAMESÕ,L”TICO,RÕO,22.32303869,-97.94987419
OCGNO0011RNL21,"RÕO TAMESÕ, CANAL BULL †",RÕO P¡NUCO 2,,,GOLFO NORTE,TAMAULIPAS,TAMPICO,RÕO TAMESÕ,L”TICO,RÕO,22.32577796,-97.95862105
OCGNO0012RNL21,"RÕO TAMESÕ, CONFLUENCIA ESTERO CAMALOTE ",RÕO P¡NUCO 2,,,GOLFO NORTE,TAMAULIPAS,TAMPICO,RÕO TAMESÕ,L”TICO,RÕO,22.33287057,-97.97018114
OCGNO0013RNL21,ESTERO CAMALOTE FRENTE ESCOTADURA NO.10 †,RÕO P¡NUCO 2,,,GOLFO NORTE,TAMAULIPAS,TAMPICO,ESTERO CAMALOTE,L”TICO,ESTERO,22.32805816,-97.97053688
OCGNO0014RNL21,ESTERO CAMALOTE FRENTE ESCOTADURA NO.4 †,RÕO P¡NUCO 2,,,GOLFO NORTE,TAMAULIPAS,TAMPICO,ESTERO CAMALOTE,L”TICO,ESTERO,22.31328076,-97.97924684
OCGNO0015RNL21,ESTERO CAMALOTE CONFLUENCIA CANAL MATA LA MONTEADA,RÕO P¡NUCO 2,,,GOLFO NORTE,TAMAULIPAS,TAMPICO,ESTERO CAMALOTE,L”TICO,ESTERO,22.31118062,-97.98285414
OCGNO0016RNL21,"ESTERO CAMALOTE FRENTE COMPUERTAS, MATA LA MONTEADA",RÕO P¡NUCO 2,,,GOLFO NORTE,TAMAULIPAS,TAMPICO,ESTERO CAMALOTE,L”TICO,ESTERO,22.30907,-97.98268
